State,Area name,"Percent of adults with a bachelor's degree or higher, 2012-2016"
US,United States,30.315
AL,Alabama,24.01
AL,Autauga County,24.593
AL,Baldwin County,29.547
AL,Barbour County,12.868
AL,Bibb County,12
AL,Blount County,13.05
AL,Bullock County,10.255
AL,Butler County,16.08
AL,Calhoun County,17.653
AL,Chambers County,12.484
AL,Cherokee County,13.962
AL,Chilton County,14.855
AL,Choctaw County,11.96
AL,Clarke County,12.137
AL,Clay County,11.063
AL,Cleburne County,11.528
AL,Coffee County,23.667
AL,Colbert County,18.471
AL,Conecuh County,8.663
AL,Coosa County,9.941
AL,Covington County,14.921
AL,Crenshaw County,14.648
AL,Cullman County,14.969
AL,Dale County,16.069
AL,Dallas County,13.784
AL,DeKalb County,11.366
AL,Elmore County,22.238
AL,Escambia County,11.626
AL,Etowah County,16.492
AL,Fayette County,14.145
AL,Franklin County,12.39
AL,Geneva County,11.662
AL,Greene County,9.975
AL,Hale County,14.029
AL,Henry County,16.144
AL,Houston County,21.018
AL,Jackson County,12.578
AL,Jefferson County,31.44
AL,Lamar County,13.063
AL,Lauderdale County,21.679
AL,Lawrence County,10.309
AL,Lee County,34.412
AL,Limestone County,23.261
AL,Lowndes County,12.282
AL,Macon County,20.042
AL,Madison County,40.672
AL,Marengo County,14.789
AL,Marion County,12.466
AL,Marshall County,16.567
AL,Mobile County,22.512
AL,Monroe County,12.395
AL,Montgomery County,31.46
AL,Morgan County,21.429
AL,Perry County,14.493
AL,Pickens County,11.119
AL,Pike County,23.988
AL,Randolph County,15.379
AL,Russell County,17.014
AL,St. Clair County,16.104
AL,Shelby County,41.423
AL,Sumter County,18.12
AL,Talladega County,13.091
AL,Tallapoosa County,17.316
AL,Tuscaloosa County,29.369
AL,Walker County,10.543
AL,Washington County,9.623
AL,Wilcox County,11.302
AL,Winston County,13.089
AK,Alaska,28.792
AK,Aleutian Islands,
AK,Aleutians East Borough,11.945
AK,Aleutians West Census Area,15.699
AK,Anchorage Municipality,34.298
AK,Bethel Census Area,11.417
AK,Bristol Bay Borough,19.106
AK,Denali Borough,38.523
AK,Dillingham Census Area,17.564
AK,Fairbanks North Star Borough,33.373
AK,Haines Borough,40.444
AK,Hoonah-Angoon Census Area,24.256
AK,Juneau City and Borough,39.434
AK,Kenai Peninsula Borough,23.681
AK,Ketchikan Gateway Borough,23.77
AK,Kodiak Island Borough,24.85
AK,Kusilvak Census Area,4.797
AK,Kuskokwim Division,
AK,Lake and Peninsula Borough,12.455
AK,Matanuska-Susitna Borough,20.588
AK,Nome Census Area,13.91
AK,North Slope Borough,14.182
AK,Northwest Arctic Borough,10.762
AK,Petersburg Census Area,25.012
AK,Prince of Wales-Hyder Census Area,15.792
AK,Prince of Wales-Outer Ketchikan Census Area,
AK,Sitka City and Borough,32.354
AK,Skagway Municipality,33.705
AK,Skagway-Yakutat-Angoon Census Area,
AK,Skagway-Hoonah-Angoon Census Area,
AK,Southeast Fairbanks Census Area,19.199
AK,Upper Yukon Division,
AK,Valdez-Cordova Census Area,30.088
AK,Wrangell City and Borough,20.26
AK,Wrangell-Petersburg Census Area,
AK,Yakutat City and Borough,19.734
AK,Yukon-Koyukuk Census Area,12.256
AZ,Arizona,27.956
AZ,Apache County,11.059
AZ,Cochise County,23.163
AZ,Coconino County,34.209
AZ,Gila County,17.737
AZ,Graham County,13.324
AZ,Greenlee County,12.197
AZ,La Paz County,10.437
AZ,Maricopa County,30.969
AZ,Mohave County,11.879
AZ,Navajo County,14.492
AZ,Pima County,30.801
AZ,Pinal County,18.471
AZ,Santa Cruz County,22.493
AZ,Yavapai County,25.542
AZ,Yuma County,14.387
AR,Arkansas,21.506
AR,Arkansas County,14.429
AR,Ashley County,13.587
AR,Baxter County,17.738
AR,Benton County,30.723
AR,Boone County,14.968
AR,Bradley County,14.231
AR,Calhoun County,12.014
AR,Carroll County,17.692
AR,Chicot County,13.134
AR,Clark County,24.717
AR,Clay County,11.349
AR,Cleburne County,15.382
AR,Cleveland County,15.747
AR,Columbia County,21.915
AR,Conway County,16.919
AR,Craighead County,25.392
AR,Crawford County,13.55
AR,Crittenden County,17.391
AR,Cross County,14.748
AR,Dallas County,12.688
AR,Desha County,13.184
AR,Drew County,19.844
AR,Faulkner County,29.114
AR,Franklin County,13.014
AR,Fulton County,11.034
AR,Garland County,20.623
AR,Grant County,19.837
AR,Greene County,16.443
AR,Hempstead County,12.616
AR,Hot Spring County,13.483
AR,Howard County,15.745
AR,Independence County,17.619
AR,Izard County,12.379
AR,Jackson County,8.646
AR,Jefferson County,16.989
AR,Johnson County,15.941
AR,Lafayette County,13.678
AR,Lawrence County,13.411
AR,Lee County,8.157
AR,Lincoln County,7.803
AR,Little River County,9.719
AR,Logan County,13.012
AR,Lonoke County,19.506
AR,Madison County,11.331
AR,Marion County,15.316
AR,Miller County,14.497
AR,Mississippi County,12.637
AR,Monroe County,9.053
AR,Montgomery County,12.511
AR,Nevada County,15.057
AR,Newton County,14.831
AR,Ouachita County,16.616
AR,Perry County,10.626
AR,Phillips County,11.665
AR,Pike County,14.847
AR,Poinsett County,9.576
AR,Polk County,12.268
AR,Pope County,21.334
AR,Prairie County,13.023
AR,Pulaski County,32.933
AR,Randolph County,13.677
AR,St. Francis County,10.396
AR,Saline County,24.53
AR,Scott County,10.582
AR,Searcy County,14.444
AR,Sebastian County,18.789
AR,Sevier County,9.381
AR,Sharp County,10.09
AR,Stone County,14.447
AR,Union County,19.229
AR,Van Buren County,13.618
AR,Washington County,31.177
AR,White County,19.342
AR,Woodruff County,10.217
AR,Yell County,14.378
CA,California,31.996
CA,Alameda County,43.888
CA,Alpine County,29.747
CA,Amador County,21.513
CA,Butte County,26.146
CA,Calaveras County,20.22
CA,Colusa County,14.427
CA,Contra Costa County,40.27
CA,Del Norte County,14.907
CA,El Dorado County,32.983
CA,Fresno County,19.732
CA,Glenn County,12.708
CA,Humboldt County,28.226
CA,Imperial County,13.957
CA,Inyo County,24.492
CA,Kern County,15.665
CA,Kings County,12.789
CA,Lake County,16.157
CA,Lassen County,12.538
CA,Los Angeles County,30.764
CA,Madera County,13.13
CA,Marin County,57.081
CA,Mariposa County,22.637
CA,Mendocino County,24.079
CA,Merced County,13.662
CA,Modoc County,18.27
CA,Mono County,30.645
CA,Monterey County,23.649
CA,Napa County,33.046
CA,Nevada County,34.402
CA,Orange County,38.447
CA,Placer County,36.902
CA,Plumas County,21.939
CA,Riverside County,21.189
CA,Sacramento County,29.284
CA,San Benito County,18.955
CA,San Bernardino County,19.317
CA,San Diego County,36.494
CA,San Francisco County,54.793
CA,San Joaquin County,18.162
CA,San Luis Obispo County,34.059
CA,San Mateo County,47.051
CA,Santa Barbara County,32.231
CA,Santa Clara County,49.103
CA,Santa Cruz County,38.991
CA,Shasta County,20.091
CA,Sierra County,19.782
CA,Siskiyou County,22.156
CA,Solano County,25.122
CA,Sonoma County,33.068
CA,Stanislaus County,16.52
CA,Sutter County,17.901
CA,Tehama County,13.806
CA,Trinity County,20.065
CA,Tulare County,13.992
CA,Tuolumne County,19.742
CA,Ventura County,32.2
CA,Yolo County,40.024
CA,Yuba County,15.548
CO,Colorado,38.707
CO,Adams County,22.368
CO,Alamosa County,25.804
CO,Arapahoe County,40.73
CO,Archuleta County,34.931
CO,Baca County,21.84
CO,Bent County,9.492
CO,Boulder County,59.313
CO,Broomfield County,52.457
CO,Chaffee County,34.412
CO,Cheyenne County,23.28
CO,Clear Creek County,44.562
CO,Conejos County,18.34
CO,Costilla County,20.031
CO,Crowley County,10.249
CO,Custer County,29.403
CO,Delta County,19.606
CO,Denver County,45.719
CO,Dolores County,20.284
CO,Douglas County,57.526
CO,Eagle County,45.035
CO,Elbert County,32.822
CO,El Paso County,36.566
CO,Fremont County,16.397
CO,Garfield County,29.135
CO,Gilpin County,34.365
CO,Grand County,37.171
CO,Gunnison County,52.593
CO,Hinsdale County,40.942
CO,Huerfano County,25.991
CO,Jackson County,19.072
CO,Jefferson County,42.22
CO,Kiowa County,20.233
CO,Kit Carson County,13.831
CO,Lake County,30.914
CO,La Plata County,42.998
CO,Larimer County,45.275
CO,Las Animas County,18.948
CO,Lincoln County,13.68
CO,Logan County,16.716
CO,Mesa County,26.1
CO,Mineral County,42.496
CO,Moffat County,18.868
CO,Montezuma County,27.019
CO,Montrose County,23.782
CO,Morgan County,16.104
CO,Otero County,17.112
CO,Ouray County,54.492
CO,Park County,30.479
CO,Phillips County,20.395
CO,Pitkin County,60.435
CO,Prowers County,15.394
CO,Pueblo County,21.239
CO,Rio Blanco County,21.849
CO,Rio Grande County,22.567
CO,Routt County,49.413
CO,Saguache County,25.469
CO,San Juan County,28.446
CO,San Miguel County,55.064
CO,Sedgwick County,19.812
CO,Summit County,49.918
CO,Teller County,32.575
CO,Washington County,15.992
CO,Weld County,26.762
CO,Yuma County,21.391
CT,Connecticut,38.048
CT,Fairfield County,46.362
CT,Hartford County,36.866
CT,Litchfield County,34.017
CT,Middlesex County,40.928
CT,New Haven County,34.288
CT,New London County,32.416
CT,Tolland County,38.86
CT,Windham County,23.857
DE,Delaware,30.475
DE,Kent County,23.122
DE,New Castle County,35.429
DE,Sussex County,23.885
DC,District of Columbia,55.36
DC,District of Columbia,55.36
FL,Florida,27.883
FL,Alachua County,41.515
FL,Baker County,12.764
FL,Bay County,22.534
FL,Bradford County,11.779
FL,Brevard County,27.729
FL,Broward County,31.016
FL,Calhoun County,10.476
FL,Charlotte County,21.604
FL,Citrus County,17.846
FL,Clay County,23.938
FL,Collier County,33.881
FL,Columbia County,15.909
FL,DeSoto County,10.039
FL,Dixie County,6.397
FL,Duval County,28.089
FL,Escambia County,24.883
FL,Flagler County,23.322
FL,Franklin County,16.734
FL,Gadsden County,17.482
FL,Gilchrist County,12.345
FL,Glades County,8.881
FL,Gulf County,16.711
FL,Hamilton County,10.201
FL,Hardee County,9.631
FL,Hendry County,9.138
FL,Hernando County,16.404
FL,Highlands County,16.469
FL,Hillsborough County,31.433
FL,Holmes County,12.336
FL,Indian River County,27.167
FL,Jackson County,13.69
FL,Jefferson County,19.015
FL,Lafayette County,13.611
FL,Lake County,21.669
FL,Lee County,26.717
FL,Leon County,45.243
FL,Levy County,11.163
FL,Liberty County,12.462
FL,Madison County,12.342
FL,Manatee County,27.874
FL,Marion County,18.383
FL,Martin County,31.536
FL,Miami-Dade County,27.282
FL,Monroe County,31.071
FL,Nassau County,24.527
FL,Okaloosa County,29.441
FL,Okeechobee County,10.724
FL,Orange County,31.923
FL,Osceola County,18.677
FL,Palm Beach County,34.189
FL,Pasco County,22.484
FL,Pinellas County,29.511
FL,Polk County,19.461
FL,Putnam County,12.679
FL,St. Johns County,42.475
FL,St. Lucie County,19.832
FL,Santa Rosa County,26.888
FL,Sarasota County,33.058
FL,Seminole County,35.846
FL,Sumter County,29.817
FL,Suwannee County,12.038
FL,Taylor County,9.828
FL,Union County,7.601
FL,Volusia County,22.416
FL,Wakulla County,16.641
FL,Walton County,26.309
FL,Washington County,10.984
GA,Georgia,29.412
GA,Appling County,11.918
GA,Atkinson County,6.678
GA,Bacon County,13.197
GA,Baker County,11
GA,Baldwin County,18.422
GA,Banks County,10.986
GA,Barrow County,16.785
GA,Bartow County,18.515
GA,Ben Hill County,10.553
GA,Berrien County,12.267
GA,Bibb County,24.59
GA,Bleckley County,17.725
GA,Brantley County,9.51
GA,Brooks County,12.437
GA,Bryan County,33.336
GA,Bulloch County,28.248
GA,Burke County,10.404
GA,Butts County,10.205
GA,Calhoun County,10.293
GA,Camden County,22.619
GA,Candler County,14.23
GA,Carroll County,18.185
GA,Catoosa County,19.65
GA,Charlton County,8.988
GA,Chatham County,32.895
GA,Chattahoochee County,30.118
GA,Chattooga County,8.859
GA,Cherokee County,35.497
GA,Clarke County,40.753
GA,Clay County,7.438
GA,Clayton County,19.029
GA,Clinch County,14.383
GA,Cobb County,44.986
GA,Coffee County,13.084
GA,Colquitt County,12.924
GA,Columbia County,35.1
GA,Cook County,13.838
GA,Coweta County,28.085
GA,Crawford County,13.115
GA,Crisp County,15.077
GA,Dade County,13.798
GA,Dawson County,29.841
GA,Decatur County,16.889
GA,DeKalb County,41.745
GA,Dodge County,13.535
GA,Dooly County,11.263
GA,Dougherty County,19.766
GA,Douglas County,26.148
GA,Early County,14.071
GA,Echols County,7.867
GA,Effingham County,18.279
GA,Elbert County,11.69
GA,Emanuel County,11.714
GA,Evans County,15.097
GA,Fannin County,17.722
GA,Fayette County,45.777
GA,Floyd County,19.801
GA,Forsyth County,48.27
GA,Franklin County,12.635
GA,Fulton County,49.806
GA,Gilmer County,17.839
GA,Glascock County,8.221
GA,Glynn County,28.164
GA,Gordon County,12.916
GA,Grady County,12.77
GA,Greene County,24.747
GA,Gwinnett County,34.93
GA,Habersham County,17.512
GA,Hall County,22.474
GA,Hancock County,10.89
GA,Haralson County,13.764
GA,Harris County,26.601
GA,Hart County,13.652
GA,Heard County,10.502
GA,Henry County,27.479
GA,Houston County,24.034
GA,Irwin County,11.149
GA,Jackson County,19.068
GA,Jasper County,10.363
GA,Jeff Davis County,10.748
GA,Jefferson County,10.416
GA,Jenkins County,13.026
GA,Johnson County,8.69
GA,Jones County,20.232
GA,Lamar County,17.158
GA,Lanier County,15.401
GA,Laurens County,15.237
GA,Lee County,24.163
GA,Liberty County,18.9
GA,Lincoln County,13.153
GA,Long County,15.238
GA,Lowndes County,23.855
GA,Lumpkin County,26.985
GA,McDuffie County,14.184
GA,McIntosh County,13.767
GA,Macon County,8.53
GA,Madison County,15.471
GA,Marion County,11.076
GA,Meriwether County,10.146
GA,Miller County,11.403
GA,Mitchell County,11.994
GA,Monroe County,22.185
GA,Montgomery County,15.553
GA,Morgan County,20.771
GA,Murray County,10.865
GA,Muscogee County,25.002
GA,Newton County,19.814
GA,Oconee County,46.558
GA,Oglethorpe County,16.616
GA,Paulding County,24.633
GA,Peach County,20.151
GA,Pickens County,24.757
GA,Pierce County,12.901
GA,Pike County,15.307
GA,Polk County,12.984
GA,Pulaski County,11.812
GA,Putnam County,18.293
GA,Quitman County,8.561
GA,Rabun County,26.336
GA,Randolph County,13.354
GA,Richmond County,21.044
GA,Rockdale County,25.961
GA,Schley County,14.864
GA,Screven County,14.379
GA,Seminole County,14.917
GA,Spalding County,15.39
GA,Stephens County,17.623
GA,Stewart County,10.419
GA,Sumter County,19.949
GA,Talbot County,12.647
GA,Taliaferro County,8.768
GA,Tattnall County,11.366
GA,Taylor County,11.321
GA,Telfair County,9.125
GA,Terrell County,12.076
GA,Thomas County,19.53
GA,Tift County,17.52
GA,Toombs County,17.019
GA,Towns County,25.133
GA,Treutlen County,16.493
GA,Troup County,18.757
GA,Turner County,12.277
GA,Twiggs County,11.642
GA,Union County,22.368
GA,Upson County,13.353
GA,Walker County,15.019
GA,Walton County,18.583
GA,Ware County,12.825
GA,Warren County,12.089
GA,Washington County,12.3
GA,Wayne County,13.324
GA,Webster County,9.424
GA,Wheeler County,4.938
GA,White County,20.792
GA,Whitfield County,13.551
GA,Wilcox County,9.53
GA,Wilkes County,13.786
GA,Wilkinson County,8.641
GA,Worth County,10.213
HI,Hawaii,31.369
HI,Hawaii County,27.591
HI,Honolulu County,33.351
HI,Kalawao County,29.762
HI,Kauai County,27.79
HI,Maui County,25.698
ID,Idaho,26.249
ID,Ada County,36.97
ID,Adams County,22.683
ID,Bannock County,27.532
ID,Bear Lake County,19.526
ID,Benewah County,13.607
ID,Bingham County,18.051
ID,Blaine County,41.85
ID,Boise County,26.968
ID,Bonner County,22.056
ID,Bonneville County,27.837
ID,Boundary County,17.47
ID,Butte County,14.896
ID,Camas County,20.529
ID,Canyon County,18.354
ID,Caribou County,18.068
ID,Cassia County,18.563
ID,Clark County,15.229
ID,Clearwater County,16.828
ID,Custer County,26.174
ID,Elmore County,16.563
ID,Franklin County,19.576
ID,Fremont County,20.872
ID,Gem County,15.272
ID,Gooding County,14.278
ID,Idaho County,16.894
ID,Jefferson County,20.782
ID,Jerome County,14.261
ID,Kootenai County,23.983
ID,Latah County,45.938
ID,Lemhi County,21.048
ID,Lewis County,16.015
ID,Lincoln County,11.825
ID,Madison County,36.815
ID,Minidoka County,14.881
ID,Nez Perce County,22.198
ID,Oneida County,16.348
ID,Owyhee County,9.67
ID,Payette County,15.847
ID,Power County,15.321
ID,Shoshone County,12.822
ID,Teton County,39.965
ID,Twin Falls County,18.145
ID,Valley County,30.974
ID,Washington County,15.429
IL,Illinois,32.894
IL,Adams County,22.6
IL,Alexander County,8.985
IL,Bond County,18.264
IL,Boone County,21.51
IL,Brown County,14.3
IL,Bureau County,18.805
IL,Calhoun County,15.042
IL,Carroll County,16.359
IL,Cass County,13.831
IL,Champaign County,43.927
IL,Christian County,15.079
IL,Clark County,16.474
IL,Clay County,14.798
IL,Clinton County,21.158
IL,Coles County,25.325
IL,Cook County,36.471
IL,Crawford County,17.181
IL,Cumberland County,14.77
IL,DeKalb County,30.826
IL,De Witt County,20.404
IL,Douglas County,19.109
IL,DuPage County,47.312
IL,Edgar County,18.029
IL,Edwards County,12.014
IL,Effingham County,22.48
IL,Fayette County,13.567
IL,Ford County,17.382
IL,Franklin County,15.272
IL,Fulton County,16.435
IL,Gallatin County,11.513
IL,Greene County,11.161
IL,Grundy County,21.773
IL,Hamilton County,15.73
IL,Hancock County,19.599
IL,Hardin County,11.321
IL,Henderson County,13.27
IL,Henry County,21.271
IL,Iroquois County,14.618
IL,Jackson County,35.905
IL,Jasper County,18.265
IL,Jefferson County,16.43
IL,Jersey County,18.38
IL,Jo Daviess County,24.102
IL,Johnson County,16.668
IL,Kane County,32.104
IL,Kankakee County,18.958
IL,Kendall County,34.272
IL,Knox County,18.07
IL,Lake County,43.696
IL,La Salle County,16.963
IL,Lawrence County,10.148
IL,Lee County,17.711
IL,Livingston County,15.212
IL,Logan County,18.375
IL,McDonough County,33.543
IL,McHenry County,33.247
IL,McLean County,44.53
IL,Macon County,22.806
IL,Macoupin County,18.248
IL,Madison County,25.664
IL,Marion County,15.029
IL,Marshall County,16.134
IL,Mason County,14.306
IL,Massac County,13.331
IL,Menard County,23.922
IL,Mercer County,17.528
IL,Monroe County,29.781
IL,Montgomery County,13.87
IL,Morgan County,20.637
IL,Moultrie County,17.057
IL,Ogle County,19.838
IL,Peoria County,29.798
IL,Perry County,13.381
IL,Piatt County,29.864
IL,Pike County,15.347
IL,Pope County,13.742
IL,Pulaski County,11.032
IL,Putnam County,14.398
IL,Randolph County,12.995
IL,Richland County,20.586
IL,Rock Island County,22.041
IL,St. Clair County,26.145
IL,Saline County,15.981
IL,Sangamon County,34.32
IL,Schuyler County,18.893
IL,Scott County,12.095
IL,Shelby County,15.192
IL,Stark County,16.722
IL,Stephenson County,17.863
IL,Tazewell County,25.011
IL,Union County,21.295
IL,Vermilion County,13.96
IL,Wabash County,17.177
IL,Warren County,21.937
IL,Washington County,20.874
IL,Wayne County,13.977
IL,White County,13.725
IL,Whiteside County,17.268
IL,Will County,33.455
IL,Williamson County,22.075
IL,Winnebago County,22.409
IL,Woodford County,30.442
IN,Indiana,24.611
IN,Adams County,15.61
IN,Allen County,27.37
IN,Bartholomew County,29.676
IN,Benton County,17.061
IN,Blackford County,10.966
IN,Boone County,44.515
IN,Brown County,23.474
IN,Carroll County,17.426
IN,Cass County,13.95
IN,Clark County,20.199
IN,Clay County,16.928
IN,Clinton County,14.89
IN,Crawford County,9.794
IN,Daviess County,14.005
IN,Dearborn County,19.964
IN,Decatur County,18.179
IN,DeKalb County,17.369
IN,Delaware County,23.285
IN,Dubois County,19.729
IN,Elkhart County,18.269
IN,Fayette County,10.678
IN,Floyd County,26.928
IN,Fountain County,14.461
IN,Franklin County,19.147
IN,Fulton County,13.72
IN,Gibson County,15.631
IN,Grant County,16.725
IN,Greene County,14.347
IN,Hamilton County,56.281
IN,Hancock County,28.982
IN,Harrison County,16.903
IN,Hendricks County,34.691
IN,Henry County,15.733
IN,Howard County,19.549
IN,Huntington County,18.866
IN,Jackson County,16.169
IN,Jasper County,16.542
IN,Jay County,10.89
IN,Jefferson County,17.044
IN,Jennings County,9.637
IN,Johnson County,29.501
IN,Knox County,15.236
IN,Kosciusko County,21.225
IN,LaGrange County,11.196
IN,Lake County,20.888
IN,LaPorte County,17.587
IN,Lawrence County,14.343
IN,Madison County,17.393
IN,Marion County,29.021
IN,Marshall County,18.531
IN,Martin County,11.376
IN,Miami County,11.935
IN,Monroe County,45.144
IN,Montgomery County,16.75
IN,Morgan County,15.53
IN,Newton County,10.544
IN,Noble County,14.146
IN,Ohio County,13.846
IN,Orange County,11.907
IN,Owen County,12.009
IN,Parke County,11.785
IN,Perry County,13.426
IN,Pike County,12.611
IN,Porter County,26.126
IN,Posey County,20.562
IN,Pulaski County,10.67
IN,Putnam County,15.034
IN,Randolph County,13.07
IN,Ripley County,17.441
IN,Rush County,14.028
IN,St. Joseph County,28.245
IN,Scott County,12.988
IN,Shelby County,16.634
IN,Spencer County,15.325
IN,Starke County,11.61
IN,Steuben County,19.945
IN,Sullivan County,12.66
IN,Switzerland County,8.274
IN,Tippecanoe County,35.277
IN,Tipton County,21.06
IN,Union County,18.556
IN,Vanderburgh County,24.902
IN,Vermillion County,12.983
IN,Vigo County,23.176
IN,Wabash County,18.297
IN,Warren County,19.567
IN,Warrick County,28
IN,Washington County,12.707
IN,Wayne County,17.135
IN,Wells County,17.395
IN,White County,15.685
IN,Whitley County,18.289
IA,Iowa,27.172
IA,Adair County,16.569
IA,Adams County,16.703
IA,Allamakee County,17.029
IA,Appanoose County,18.123
IA,Audubon County,13.142
IA,Benton County,21.753
IA,Black Hawk County,26.982
IA,Boone County,22.443
IA,Bremer County,27.853
IA,Buchanan County,17.999
IA,Buena Vista County,18.698
IA,Butler County,15.67
IA,Calhoun County,18.375
IA,Carroll County,21.427
IA,Cass County,19.831
IA,Cedar County,22.047
IA,Cerro Gordo County,21.859
IA,Cherokee County,19.163
IA,Chickasaw County,14.481
IA,Clarke County,15.395
IA,Clay County,20.865
IA,Clayton County,15.309
IA,Clinton County,19.369
IA,Crawford County,11.653
IA,Dallas County,47.419
IA,Davis County,16.558
IA,Decatur County,20.108
IA,Delaware County,15.057
IA,Des Moines County,19.567
IA,Dickinson County,29.024
IA,Dubuque County,29.202
IA,Emmet County,17.479
IA,Fayette County,19.578
IA,Floyd County,19.654
IA,Franklin County,16.745
IA,Fremont County,21.441
IA,Greene County,17.971
IA,Grundy County,25.136
IA,Guthrie County,20.544
IA,Hamilton County,22.016
IA,Hancock County,19.933
IA,Hardin County,20.39
IA,Harrison County,17.439
IA,Henry County,18.842
IA,Howard County,13.219
IA,Humboldt County,19.86
IA,Ida County,19.035
IA,Iowa County,18.633
IA,Jackson County,16.468
IA,Jasper County,17.909
IA,Jefferson County,33.113
IA,Johnson County,52.432
IA,Jones County,16.734
IA,Keokuk County,17.016
IA,Kossuth County,19.525
IA,Lee County,14.58
IA,Linn County,32.23
IA,Louisa County,13.318
IA,Lucas County,16.511
IA,Lyon County,21.269
IA,Madison County,22.456
IA,Mahaska County,23.904
IA,Marion County,25.437
IA,Marshall County,19.529
IA,Mills County,23.914
IA,Mitchell County,15.651
IA,Monona County,16.616
IA,Monroe County,15.366
IA,Montgomery County,15.524
IA,Muscatine County,20.486
IA,O'Brien County,19.994
IA,Osceola County,16.609
IA,Page County,21.882
IA,Palo Alto County,22.074
IA,Plymouth County,19.527
IA,Pocahontas County,16.904
IA,Polk County,35.569
IA,Pottawattamie County,20.658
IA,Poweshiek County,22.869
IA,Ringgold County,19.348
IA,Sac County,19.342
IA,Scott County,31.916
IA,Shelby County,21.088
IA,Sioux County,26.877
IA,Story County,50.252
IA,Tama County,16.313
IA,Taylor County,13.621
IA,Union County,16.397
IA,Van Buren County,12.727
IA,Wapello County,17.62
IA,Warren County,28.848
IA,Washington County,20.897
IA,Wayne County,13.053
IA,Webster County,20.61
IA,Winnebago County,21.555
IA,Winneshiek County,27.581
IA,Woodbury County,21.681
IA,Worth County,15.275
IA,Wright County,16.994
KS,Kansas,31.61
KS,Allen County,18.322
KS,Anderson County,19.171
KS,Atchison County,19.907
KS,Barber County,18.697
KS,Barton County,16.702
KS,Bourbon County,21.732
KS,Brown County,20.075
KS,Butler County,28.605
KS,Chase County,24.266
KS,Chautauqua County,18.283
KS,Cherokee County,18.473
KS,Cheyenne County,24.563
KS,Clark County,28.754
KS,Clay County,25.017
KS,Cloud County,20.248
KS,Coffey County,21.14
KS,Comanche County,20.09
KS,Cowley County,19.367
KS,Crawford County,28.354
KS,Decatur County,26.165
KS,Dickinson County,19.477
KS,Doniphan County,16.88
KS,Douglas County,49.7
KS,Edwards County,18.225
KS,Elk County,16.781
KS,Ellis County,34.135
KS,Ellsworth County,19.693
KS,Finney County,18.543
KS,Ford County,17.805
KS,Franklin County,19.919
KS,Geary County,20.438
KS,Gove County,22.44
KS,Graham County,25.451
KS,Grant County,15.185
KS,Gray County,19.188
KS,Greeley County,29.587
KS,Greenwood County,17.664
KS,Hamilton County,16.284
KS,Harper County,19.684
KS,Harvey County,27.679
KS,Haskell County,17.661
KS,Hodgeman County,25.723
KS,Jackson County,20.432
KS,Jefferson County,20.57
KS,Jewell County,15.306
KS,Johnson County,53.581
KS,Kearny County,14.257
KS,Kingman County,23.474
KS,Kiowa County,27.328
KS,Labette County,17.999
KS,Lane County,21.264
KS,Leavenworth County,30.055
KS,Lincoln County,19.211
KS,Linn County,15.986
KS,Logan County,18.339
KS,Lyon County,26.671
KS,McPherson County,28.327
KS,Marion County,22.751
KS,Marshall County,17.882
KS,Meade County,21.992
KS,Miami County,24.704
KS,Mitchell County,25.714
KS,Montgomery County,17.59
KS,Morris County,16.815
KS,Morton County,14.315
KS,Nemaha County,21.781
KS,Neosho County,18.878
KS,Ness County,20.145
KS,Norton County,13.795
KS,Osage County,19.944
KS,Osborne County,20.986
KS,Ottawa County,21.482
KS,Pawnee County,22.367
KS,Phillips County,22.336
KS,Pottawatomie County,31.995
KS,Pratt County,25.458
KS,Rawlins County,23.87
KS,Reno County,19.189
KS,Republic County,20.975
KS,Rice County,22.382
KS,Riley County,46.023
KS,Rooks County,24.262
KS,Rush County,23.733
KS,Russell County,24.239
KS,Saline County,23.769
KS,Scott County,26.332
KS,Sedgwick County,30.041
KS,Seward County,11.573
KS,Shawnee County,29.251
KS,Sheridan County,22.874
KS,Sherman County,19.022
KS,Smith County,21.964
KS,Stafford County,21.707
KS,Stanton County,24.806
KS,Stevens County,16.484
KS,Sumner County,19.431
KS,Thomas County,28.379
KS,Trego County,25.844
KS,Wabaunsee County,23.731
KS,Wallace County,24.882
KS,Washington County,18.426
KS,Wichita County,18.271
KS,Wilson County,15.278
KS,Woodson County,13.728
KS,Wyandotte County,16.274
KY,Kentucky,22.699
KY,Adair County,16.49
KY,Allen County,13.633
KY,Anderson County,18.938
KY,Ballard County,15.262
KY,Barren County,15.529
KY,Bath County,12.101
KY,Bell County,9.548
KY,Boone County,31.061
KY,Bourbon County,17.782
KY,Boyd County,19.141
KY,Boyle County,23.004
KY,Bracken County,14.637
KY,Breathitt County,12.201
KY,Breckinridge County,10.507
KY,Bullitt County,14.187
KY,Butler County,10.395
KY,Caldwell County,15.227
KY,Calloway County,28.59
KY,Campbell County,30.589
KY,Carlisle County,15.732
KY,Carroll County,12.535
KY,Carter County,13.137
KY,Casey County,12.383
KY,Christian County,16.74
KY,Clark County,20.472
KY,Clay County,10.593
KY,Clinton County,10.985
KY,Crittenden County,12.804
KY,Cumberland County,14.208
KY,Daviess County,21.235
KY,Edmonson County,11.902
KY,Elliott County,8.796
KY,Estill County,9.235
KY,Fayette County,41.441
KY,Fleming County,12.692
KY,Floyd County,11.765
KY,Franklin County,28.309
KY,Fulton County,13.432
KY,Gallatin County,9.968
KY,Garrard County,15.465
KY,Grant County,12.351
KY,Graves County,16.805
KY,Grayson County,10.154
KY,Green County,10.346
KY,Greenup County,16.804
KY,Hancock County,11.78
KY,Hardin County,23.619
KY,Harlan County,12.085
KY,Harrison County,15.447
KY,Hart County,11.414
KY,Henderson County,17.434
KY,Henry County,11.265
KY,Hickman County,8.777
KY,Hopkins County,15.07
KY,Jackson County,11.194
KY,Jefferson County,31.842
KY,Jessamine County,28.682
KY,Johnson County,11.725
KY,Kenton County,29.094
KY,Knott County,12.911
KY,Knox County,10.898
KY,Larue County,10.742
KY,Laurel County,12.549
KY,Lawrence County,11.451
KY,Lee County,7.618
KY,Leslie County,9.689
KY,Letcher County,11.198
KY,Lewis County,11.579
KY,Lincoln County,9.863
KY,Livingston County,10.037
KY,Logan County,13.36
KY,Lyon County,17.512
KY,McCracken County,22.926
KY,McCreary County,7.702
KY,McLean County,9.228
KY,Madison County,29.114
KY,Magoffin County,10.145
KY,Marion County,13.032
KY,Marshall County,15.942
KY,Martin County,6.262
KY,Mason County,15.844
KY,Meade County,15.326
KY,Menifee County,12.255
KY,Mercer County,18.544
KY,Metcalfe County,11.439
KY,Monroe County,15.371
KY,Montgomery County,16.574
KY,Morgan County,11.946
KY,Muhlenberg County,12.135
KY,Nelson County,17.242
KY,Nicholas County,10.51
KY,Ohio County,9.892
KY,Oldham County,39.794
KY,Owen County,11.292
KY,Owsley County,17.443
KY,Pendleton County,10.292
KY,Perry County,13.956
KY,Pike County,12.87
KY,Powell County,14.139
KY,Pulaski County,14.744
KY,Robertson County,16.95
KY,Rockcastle County,9.723
KY,Rowan County,26.648
KY,Russell County,12.717
KY,Scott County,28.421
KY,Shelby County,23.849
KY,Simpson County,14.186
KY,Spencer County,18.666
KY,Taylor County,17.301
KY,Todd County,11.742
KY,Trigg County,18.007
KY,Trimble County,11.617
KY,Union County,12.154
KY,Warren County,29.056
KY,Washington County,14.82
KY,Wayne County,9.299
KY,Webster County,8.946
KY,Whitley County,17.85
KY,Wolfe County,11.817
KY,Woodford County,31.871
LA,Lousiana,22.958
LA,Acadia Parish,11.121
LA,Allen Parish,11.876
LA,Ascension Parish,26.605
LA,Assumption Parish,11.414
LA,Avoyelles Parish,10.135
LA,Beauregard Parish,16.334
LA,Bienville Parish,12.962
LA,Bossier Parish,25.967
LA,Caddo Parish,23.801
LA,Calcasieu Parish,20.572
LA,Caldwell Parish,11.755
LA,Cameron Parish,16.93
LA,Catahoula Parish,13.098
LA,Claiborne Parish,12.97
LA,Concordia Parish,11.274
LA,De Soto Parish,13.462
LA,East Baton Rouge Parish,34.202
LA,East Carroll Parish,11.268
LA,East Feliciana Parish,12.945
LA,Evangeline Parish,11.918
LA,Franklin Parish,11.89
LA,Grant Parish,9.334
LA,Iberia Parish,13.744
LA,Iberville Parish,13.387
LA,Jackson Parish,13.649
LA,Jefferson Parish,24.816
LA,Jefferson Davis Parish,14.546
LA,Lafayette Parish,30.886
LA,Lafourche Parish,16.158
LA,La Salle Parish,11.043
LA,Lincoln Parish,35.365
LA,Livingston Parish,17.4
LA,Madison Parish,12.017
LA,Morehouse Parish,13.656
LA,Natchitoches Parish,18.747
LA,Orleans Parish,36.177
LA,Ouachita Parish,24.182
LA,Plaquemines Parish,15.809
LA,Pointe Coupee Parish,13.936
LA,Rapides Parish,19.853
LA,Red River Parish,13.543
LA,Richland Parish,13.749
LA,Sabine Parish,13.854
LA,St. Bernard Parish,13.226
LA,St. Charles Parish,20.656
LA,St. Helena Parish,10.594
LA,St. James Parish,14.432
LA,St. John the Baptist Parish,16.88
LA,St. Landry Parish,13.153
LA,St. Martin Parish,13.791
LA,St. Mary Parish,10.983
LA,St. Tammany Parish,31.287
LA,Tangipahoa Parish,19.794
LA,Tensas Parish,9.083
LA,Terrebonne Parish,14.309
LA,Union Parish,12.121
LA,Vermilion Parish,12.316
LA,Vernon Parish,17.772
LA,Washington Parish,11.922
LA,Webster Parish,13.918
LA,West Baton Rouge Parish,19.675
LA,West Carroll Parish,12.384
LA,West Feliciana Parish,22.482
LA,Winn Parish,12.645
ME,Maine,29.316
ME,Androscoggin County,20.704
ME,Aroostook County,18.094
ME,Cumberland County,44.056
ME,Franklin County,25.759
ME,Hancock County,32.513
ME,Kennebec County,25.264
ME,Knox County,30.226
ME,Lincoln County,32.447
ME,Oxford County,18.151
ME,Penobscot County,24.731
ME,Piscataquis County,16.332
ME,Sagadahoc County,33.489
ME,Somerset County,15.827
ME,Waldo County,29.182
ME,Washington County,20.096
ME,York County,30.065
MD,Maryland,38.412
MD,Allegany County,17.963
MD,Anne Arundel County,39.365
MD,Baltimore County,37.198
MD,Calvert County,29.286
MD,Caroline County,15.297
MD,Carroll County,33.701
MD,Cecil County,22.492
MD,Charles County,27.363
MD,Dorchester County,20.768
MD,Frederick County,39.736
MD,Garrett County,19.242
MD,Harford County,34.467
MD,Howard County,61.044
MD,Kent County,30.543
MD,Montgomery County,58.105
MD,Prince George's County,31.454
MD,Queen Anne's County,34.974
MD,St. Mary's County,29.902
MD,Somerset County,13.975
MD,Talbot County,35.834
MD,Washington County,20.098
MD,Wicomico County,27.377
MD,Worcester County,29.936
MD,Baltimore city,29.72
MA,Massachusetts,41.222
MA,Barnstable County,41.096
MA,Berkshire County,32.633
MA,Bristol County,26.519
MA,Dukes County,39.785
MA,Essex County,38.04
MA,Franklin County,35.9
MA,Hampden County,26.234
MA,Hampshire County,44.723
MA,Middlesex County,53.005
MA,Nantucket County,42.017
MA,Norfolk County,51.208
MA,Plymouth County,35.018
MA,Suffolk County,42.721
MA,Worcester County,34.826
MI,Michigan,27.41
MI,Alcona County,14.453
MI,Alger County,18.095
MI,Allegan County,21.419
MI,Alpena County,16.775
MI,Antrim County,26.686
MI,Arenac County,11.386
MI,Baraga County,15.649
MI,Barry County,18.916
MI,Bay County,18.114
MI,Benzie County,25.628
MI,Berrien County,26.763
MI,Branch County,13.627
MI,Calhoun County,20.751
MI,Cass County,17.375
MI,Charlevoix County,28.498
MI,Cheboygan County,18.259
MI,Chippewa County,19.711
MI,Clare County,11.37
MI,Clinton County,30.712
MI,Crawford County,16.678
MI,Delta County,20.578
MI,Dickinson County,23.402
MI,Eaton County,25.227
MI,Emmet County,32.882
MI,Genesee County,19.903
MI,Gladwin County,13.392
MI,Gogebic County,17.545
MI,Grand Traverse County,31.671
MI,Gratiot County,14.253
MI,Hillsdale County,16.674
MI,Houghton County,30.961
MI,Huron County,14.918
MI,Ingham County,37.725
MI,Ionia County,15.601
MI,Iosco County,16.255
MI,Iron County,18.14
MI,Isabella County,28.193
MI,Jackson County,20.586
MI,Kalamazoo County,36.101
MI,Kalkaska County,13.61
MI,Kent County,33.657
MI,Keweenaw County,24.854
MI,Lake County,9.049
MI,Lapeer County,17.777
MI,Leelanau County,41.135
MI,Lenawee County,19.933
MI,Livingston County,34.002
MI,Luce County,13.832
MI,Mackinac County,19.109
MI,Macomb County,23.798
MI,Manistee County,19.917
MI,Marquette County,30.05
MI,Mason County,20.762
MI,Mecosta County,21.207
MI,Menominee County,15.856
MI,Midland County,32.885
MI,Missaukee County,13.409
MI,Monroe County,18.8
MI,Montcalm County,12.562
MI,Montmorency County,11.784
MI,Muskegon County,18.022
MI,Newaygo County,14.339
MI,Oakland County,45.021
MI,Oceana County,17.052
MI,Ogemaw County,11.364
MI,Ontonagon County,17.356
MI,Osceola County,13.039
MI,Oscoda County,10.228
MI,Otsego County,20.48
MI,Ottawa County,31.603
MI,Presque Isle County,16.658
MI,Roscommon County,13.937
MI,Saginaw County,20.726
MI,St. Clair County,17.591
MI,St. Joseph County,15.323
MI,Sanilac County,13.112
MI,Schoolcraft County,15.731
MI,Shiawassee County,15.766
MI,Tuscola County,13.85
MI,Van Buren County,20.33
MI,Washtenaw County,53.236
MI,Wayne County,22.338
MI,Wexford County,16.706
MN,Minnesota,34.241
MN,Aitkin County,15.999
MN,Anoka County,28.226
MN,Becker County,23.727
MN,Beltrami County,26.799
MN,Benton County,22.207
MN,Big Stone County,16.581
MN,Blue Earth County,31.663
MN,Brown County,20.892
MN,Carlton County,21.986
MN,Carver County,46.043
MN,Cass County,20.87
MN,Chippewa County,16.481
MN,Chisago County,22.031
MN,Clay County,33.01
MN,Clearwater County,14.637
MN,Cook County,39.58
MN,Cottonwood County,19.919
MN,Crow Wing County,24.19
MN,Dakota County,40.724
MN,Dodge County,23.836
MN,Douglas County,25.056
MN,Faribault County,16.951
MN,Fillmore County,20.399
MN,Freeborn County,16.755
MN,Goodhue County,24.347
MN,Grant County,19.581
MN,Hennepin County,47.581
MN,Houston County,22.562
MN,Hubbard County,25.393
MN,Isanti County,17.69
MN,Itasca County,22.256
MN,Jackson County,21.156
MN,Kanabec County,13.754
MN,Kandiyohi County,22.516
MN,Kittson County,20.669
MN,Koochiching County,18.39
MN,Lac qui Parle County,18.338
MN,Lake County,27.24
MN,Lake of the Woods County,16.976
MN,Le Sueur County,21.366
MN,Lincoln County,18.874
MN,Lyon County,26.775
MN,McLeod County,17.314
MN,Mahnomen County,12.612
MN,Marshall County,19.997
MN,Martin County,18.471
MN,Meeker County,18.897
MN,Mille Lacs County,15.618
MN,Morrison County,16.152
MN,Mower County,20.005
MN,Murray County,17.813
MN,Nicollet County,32.26
MN,Nobles County,13.507
MN,Norman County,15.671
MN,Olmsted County,41.993
MN,Otter Tail County,24.057
MN,Pennington County,17.389
MN,Pine County,13.781
MN,Pipestone County,19.911
MN,Polk County,23.871
MN,Pope County,22.471
MN,Ramsey County,41.002
MN,Red Lake County,15.018
MN,Redwood County,17.844
MN,Renville County,14.756
MN,Rice County,27.232
MN,Rock County,20.561
MN,Roseau County,18.673
MN,St. Louis County,27.75
MN,Scott County,38.847
MN,Sherburne County,26.716
MN,Sibley County,16.732
MN,Stearns County,25.949
MN,Steele County,24.787
MN,Stevens County,28.157
MN,Swift County,17.308
MN,Todd County,15.354
MN,Traverse County,18.142
MN,Wabasha County,21.239
MN,Wadena County,12.998
MN,Waseca County,19.859
MN,Washington County,42.301
MN,Watonwan County,16.344
MN,Wilkin County,21.33
MN,Winona County,29.278
MN,Wright County,26.761
MN,Yellow Medicine County,16.236
MS,Mississippi,21.023
MS,Adams County,18.077
MS,Alcorn County,16.551
MS,Amite County,12.19
MS,Attala County,14.784
MS,Benton County,11.449
MS,Bolivar County,21.486
MS,Calhoun County,10.929
MS,Carroll County,16.14
MS,Chickasaw County,11.006
MS,Choctaw County,15.418
MS,Claiborne County,19.215
MS,Clarke County,14.08
MS,Clay County,18.932
MS,Coahoma County,17.226
MS,Copiah County,12.866
MS,Covington County,14.432
MS,DeSoto County,23.188
MS,Forrest County,25.672
MS,Franklin County,16.682
MS,George County,13.089
MS,Greene County,7.834
MS,Grenada County,16.831
MS,Hancock County,20.938
MS,Harrison County,21.514
MS,Hinds County,28.028
MS,Holmes County,11.619
MS,Humphreys County,13.945
MS,Issaquena County,9.013
MS,Itawamba County,13.14
MS,Jackson County,20.465
MS,Jasper County,13.662
MS,Jefferson County,17.825
MS,Jefferson Davis County,14.571
MS,Jones County,18.734
MS,Kemper County,11.384
MS,Lafayette County,39.749
MS,Lamar County,36.8
MS,Lauderdale County,19.228
MS,Lawrence County,13.608
MS,Leake County,12.252
MS,Lee County,23.087
MS,Leflore County,18.774
MS,Lincoln County,14.795
MS,Lowndes County,22.403
MS,Madison County,45.661
MS,Marion County,12.746
MS,Marshall County,13.048
MS,Monroe County,15.574
MS,Montgomery County,18.337
MS,Neshoba County,14.363
MS,Newton County,15.797
MS,Noxubee County,14.52
MS,Oktibbeha County,41.981
MS,Panola County,15.591
MS,Pearl River County,14.19
MS,Perry County,9.005
MS,Pike County,15.695
MS,Pontotoc County,14.733
MS,Prentiss County,11.96
MS,Quitman County,12.925
MS,Rankin County,29.583
MS,Scott County,11.789
MS,Sharkey County,18.971
MS,Simpson County,12.75
MS,Smith County,11.947
MS,Stone County,14.009
MS,Sunflower County,14.141
MS,Tallahatchie County,8.914
MS,Tate County,16.17
MS,Tippah County,13.65
MS,Tishomingo County,10.872
MS,Tunica County,18.976
MS,Union County,15.52
MS,Walthall County,9.739
MS,Warren County,23.629
MS,Washington County,18.521
MS,Wayne County,11.555
MS,Webster County,18.511
MS,Wilkinson County,13.043
MS,Winston County,17.259
MS,Yalobusha County,13.612
MS,Yazoo County,12.853
MO,Missouri,27.635
MO,Adair County,30.49
MO,Andrew County,23.982
MO,Atchison County,22.332
MO,Audrain County,12.594
MO,Barry County,12.812
MO,Barton County,15.183
MO,Bates County,13.777
MO,Benton County,10.594
MO,Bollinger County,9.448
MO,Boone County,46.75
MO,Buchanan County,20.481
MO,Butler County,15.604
MO,Caldwell County,17.853
MO,Callaway County,20.461
MO,Camden County,21.32
MO,Cape Girardeau County,29.856
MO,Carroll County,17.318
MO,Carter County,12.15
MO,Cass County,25.284
MO,Cedar County,14.852
MO,Chariton County,15.768
MO,Christian County,26.471
MO,Clark County,12.312
MO,Clay County,31.876
MO,Clinton County,18.593
MO,Cole County,31.74
MO,Cooper County,20.49
MO,Crawford County,12.511
MO,Dade County,14.929
MO,Dallas County,13.157
MO,Daviess County,16.823
MO,DeKalb County,13.58
MO,Dent County,12.571
MO,Douglas County,9.428
MO,Dunklin County,11.447
MO,Franklin County,19.725
MO,Gasconade County,16.401
MO,Gentry County,19.434
MO,Greene County,29.882
MO,Grundy County,18.675
MO,Harrison County,13.915
MO,Henry County,15.469
MO,Hickory County,9.813
MO,Holt County,20.09
MO,Howard County,25.312
MO,Howell County,14.375
MO,Iron County,11.379
MO,Jackson County,29.427
MO,Jasper County,22.056
MO,Jefferson County,18.431
MO,Johnson County,27.791
MO,Knox County,15.512
MO,Laclede County,13.673
MO,Lafayette County,18.322
MO,Lawrence County,16.208
MO,Lewis County,13.938
MO,Lincoln County,15.213
MO,Linn County,14.576
MO,Livingston County,19.772
MO,McDonald County,13.3
MO,Macon County,15.82
MO,Madison County,12.267
MO,Maries County,13.963
MO,Marion County,20.472
MO,Mercer County,16.859
MO,Miller County,15.666
MO,Mississippi County,11.414
MO,Moniteau County,18.282
MO,Monroe County,14.024
MO,Montgomery County,13.509
MO,Morgan County,11.741
MO,New Madrid County,11.104
MO,Newton County,18.437
MO,Nodaway County,24.972
MO,Oregon County,12.56
MO,Osage County,19.082
MO,Ozark County,11.471
MO,Pemiscot County,11.662
MO,Perry County,16.108
MO,Pettis County,17.23
MO,Phelps County,27.851
MO,Pike County,13.31
MO,Platte County,40.728
MO,Polk County,19.612
MO,Pulaski County,23.877
MO,Putnam County,18.444
MO,Ralls County,12.706
MO,Randolph County,14.394
MO,Ray County,13.87
MO,Reynolds County,9.125
MO,Ripley County,11.306
MO,St. Charles County,36.146
MO,St. Clair County,11.449
MO,Ste. Genevieve County,13.945
MO,St. Francois County,13.763
MO,St. Louis County,42.382
MO,Saline County,18.847
MO,Schuyler County,12.547
MO,Scotland County,14.002
MO,Scott County,13.898
MO,Shannon County,15.036
MO,Shelby County,13.983
MO,Stoddard County,13.572
MO,Stone County,16.858
MO,Sullivan County,11.589
MO,Taney County,18.447
MO,Texas County,13.491
MO,Vernon County,16.234
MO,Warren County,18.209
MO,Washington County,7.954
MO,Wayne County,11.853
MO,Webster County,16.195
MO,Worth County,17.333
MO,Wright County,11.195
MO,St. Louis city,33.007
MT,Montana,29.934
MT,Beaverhead County,30.865
MT,Big Horn County,15.736
MT,Blaine County,19.582
MT,Broadwater County,27.301
MT,Carbon County,29.162
MT,Carter County,17.14
MT,Cascade County,25.94
MT,Chouteau County,24.749
MT,Custer County,19.851
MT,Daniels County,23.726
MT,Dawson County,18.904
MT,Deer Lodge County,15.899
MT,Fallon County,14.762
MT,Fergus County,28.602
MT,Flathead County,28.925
MT,Gallatin County,48.019
MT,Garfield County,14.644
MT,Glacier County,18.258
MT,Golden Valley County,23.56
MT,Granite County,25.01
MT,Hill County,23.488
MT,Jefferson County,33.069
MT,Judith Basin County,31.338
MT,Lake County,24.945
MT,Lewis and Clark County,37.488
MT,Liberty County,18.403
MT,Lincoln County,18.959
MT,McCone County,16.425
MT,Madison County,26.554
MT,Meagher County,21.225
MT,Mineral County,12.664
MT,Missoula County,41.816
MT,Musselshell County,14.591
MT,Park County,35.206
MT,Petroleum County,21.289
MT,Phillips County,17.39
MT,Pondera County,22.675
MT,Powder River County,25.355
MT,Powell County,18.032
MT,Prairie County,19.17
MT,Ravalli County,25.752
MT,Richland County,18.413
MT,Roosevelt County,14.156
MT,Rosebud County,19.814
MT,Sanders County,16.376
MT,Sheridan County,20.061
MT,Silver Bow County,25.934
MT,Stillwater County,25.445
MT,Sweet Grass County,24.703
MT,Teton County,22.267
MT,Toole County,14.693
MT,Treasure County,19.833
MT,Valley County,21.501
MT,Wheatland County,19.074
MT,Wibaux County,20.144
MT,Yellowstone County,29.229
MT,Yellowstone National Park,
NE,Nebraska,29.985
NE,Adams County,22.563
NE,Antelope County,18.566
NE,Arthur County,26.786
NE,Banner County,17.047
NE,Blaine County,25.064
NE,Boone County,17.652
NE,Box Butte County,15.715
NE,Boyd County,19.604
NE,Brown County,18.706
NE,Buffalo County,33.474
NE,Burt County,17.827
NE,Butler County,17.447
NE,Cass County,24.935
NE,Cedar County,17.596
NE,Chase County,18.491
NE,Cherry County,19.073
NE,Cheyenne County,24.44
NE,Clay County,18.648
NE,Colfax County,13.914
NE,Cuming County,19.951
NE,Custer County,21.439
NE,Dakota County,12.985
NE,Dawes County,34.674
NE,Dawson County,15.217
NE,Deuel County,17.827
NE,Dixon County,18.964
NE,Dodge County,18.913
NE,Douglas County,37.606
NE,Dundy County,19.532
NE,Fillmore County,19.502
NE,Franklin County,18.761
NE,Frontier County,18.739
NE,Furnas County,16.754
NE,Gage County,20.121
NE,Garden County,21.917
NE,Garfield County,18.498
NE,Gosper County,20.905
NE,Grant County,21.957
NE,Greeley County,16.598
NE,Hall County,18.977
NE,Hamilton County,25.27
NE,Harlan County,16.474
NE,Hayes County,20.58
NE,Hitchcock County,14.726
NE,Holt County,21.168
NE,Hooker County,23.66
NE,Howard County,20.305
NE,Jefferson County,14.86
NE,Johnson County,16.029
NE,Kearney County,23.864
NE,Keith County,21.644
NE,Keya Paha County,18.761
NE,Kimball County,15.606
NE,Knox County,20.179
NE,Lancaster County,37.302
NE,Lincoln County,21.681
NE,Logan County,20.765
NE,Loup County,21.891
NE,McPherson County,24.534
NE,Madison County,19.655
NE,Merrick County,15.959
NE,Morrill County,18.988
NE,Nance County,17.34
NE,Nemaha County,28.81
NE,Nuckolls County,16.615
NE,Otoe County,20.727
NE,Pawnee County,16.17
NE,Perkins County,23.122
NE,Phelps County,23.282
NE,Pierce County,21.382
NE,Platte County,21.394
NE,Polk County,21.505
NE,Red Willow County,18.208
NE,Richardson County,19.103
NE,Rock County,17.479
NE,Saline County,14.571
NE,Sarpy County,38.384
NE,Saunders County,26.113
NE,Scotts Bluff County,21.381
NE,Seward County,27.183
NE,Sheridan County,25.054
NE,Sherman County,15.857
NE,Sioux County,29.065
NE,Stanton County,19.19
NE,Thayer County,19.588
NE,Thomas County,23.769
NE,Thurston County,15.873
NE,Valley County,20.628
NE,Washington County,30.582
NE,Wayne County,36.334
NE,Webster County,20.766
NE,Wheeler County,16.558
NE,York County,28.349
NV,Nevada,23.181
NV,Churchill County,16.585
NV,Clark County,22.824
NV,Douglas County,26.322
NV,Elko County,18.119
NV,Esmeralda County,16.815
NV,Eureka County,16.603
NV,Humboldt County,13.953
NV,Lander County,14.103
NV,Lincoln County,22.744
NV,Lyon County,14.489
NV,Mineral County,11.787
NV,Nye County,12.124
NV,Pershing County,11.011
NV,Storey County,23.127
NV,Washoe County,28.982
NV,White Pine County,14.04
NV,Carson City,20.976
NH,New Hampshire,35.467
NH,Belknap County,30.465
NH,Carroll County,33.563
NH,Cheshire County,31.439
NH,Coos County,17.757
NH,Grafton County,38.86
NH,Hillsborough County,36.25
NH,Merrimack County,34.945
NH,Rockingham County,39.603
NH,Strafford County,34.814
NH,Sullivan County,26.791
NJ,New Jersey,37.465
NJ,Atlantic County,25.888
NJ,Bergen County,47.568
NJ,Burlington County,36.363
NJ,Camden County,30.644
NJ,Cape May County,30.503
NJ,Cumberland County,14.271
NJ,Essex County,33.329
NJ,Gloucester County,29.938
NJ,Hudson County,38.552
NJ,Hunterdon County,49.613
NJ,Mercer County,40.438
NJ,Middlesex County,41.468
NJ,Monmouth County,43.286
NJ,Morris County,51.878
NJ,Ocean County,27.482
NJ,Passaic County,26.711
NJ,Salem County,20.268
NJ,Somerset County,52.965
NJ,Sussex County,33.748
NJ,Union County,33.394
NJ,Warren County,30.44
NM,New Mexico,26.656
NM,Bernalillo County,32.783
NM,Catron County,24.76
NM,Chaves County,19.288
NM,Cibola County,12.446
NM,Colfax County,22.132
NM,Curry County,19.732
NM,De Baca County,9.543
NM,Dona Ana County,27.53
NM,Eddy County,16.97
NM,Grant County,27.395
NM,Guadalupe County,13.855
NM,Harding County,25.771
NM,Hidalgo County,15.445
NM,Lea County,13.071
NM,Lincoln County,28.576
NM,Los Alamos County,64.591
NM,Luna County,12.533
NM,McKinley County,11
NM,Mora County,13.181
NM,Otero County,17.627
NM,Quay County,15.178
NM,Rio Arriba County,18.11
NM,Roosevelt County,22.666
NM,Sandoval County,29.75
NM,San Juan County,15.47
NM,San Miguel County,19.315
NM,Santa Fe County,40.958
NM,Sierra County,17.669
NM,Socorro County,19.576
NM,Taos County,28.045
NM,Torrance County,17.695
NM,Union County,15.922
NM,Valencia County,17.123
NY,New York,34.741
NY,Albany County,39.728
NY,Allegany County,20.48
NY,Bronx County,19.132
NY,Broome County,27.758
NY,Cattaraugus County,18.128
NY,Cayuga County,21.622
NY,Chautauqua County,20.841
NY,Chemung County,24.444
NY,Chenango County,17.435
NY,Clinton County,22.241
NY,Columbia County,29.52
NY,Cortland County,24.782
NY,Delaware County,21.303
NY,Dutchess County,33.971
NY,Erie County,32.199
NY,Essex County,24.6
NY,Franklin County,18.401
NY,Fulton County,17.003
NY,Genesee County,21.231
NY,Greene County,20.275
NY,Hamilton County,21.622
NY,Herkimer County,21.529
NY,Jefferson County,20.754
NY,Kings County,34.081
NY,Lewis County,15.511
NY,Livingston County,24.476
NY,Madison County,26.711
NY,Monroe County,36.665
NY,Montgomery County,15.965
NY,Nassau County,43.544
NY,New York County,60.435
NY,Niagara County,23.494
NY,Oneida County,23.787
NY,Onondaga County,34.32
NY,Ontario County,32.079
NY,Orange County,28.697
NY,Orleans County,15.868
NY,Oswego County,18.033
NY,Otsego County,28.503
NY,Putnam County,38.933
NY,Queens County,30.596
NY,Rensselaer County,29.311
NY,Richmond County,31.36
NY,Rockland County,40.423
NY,St. Lawrence County,22.772
NY,Saratoga County,39.65
NY,Schenectady County,30.582
NY,Schoharie County,20.485
NY,Schuyler County,20.841
NY,Seneca County,19.989
NY,Steuben County,22.348
NY,Suffolk County,34.385
NY,Sullivan County,22.356
NY,Tioga County,25.036
NY,Tompkins County,51.602
NY,Ulster County,30.971
NY,Warren County,28.417
NY,Washington County,20.246
NY,Wayne County,21.216
NY,Westchester County,47.304
NY,Wyoming County,14.997
NY,Yates County,23.159
NC,North Carolina,29.028
NC,Alamance County,22.073
NC,Alexander County,13.322
NC,Alleghany County,18.611
NC,Anson County,9.527
NC,Ashe County,19.529
NC,Avery County,19.802
NC,Beaufort County,18.564
NC,Bertie County,11.542
NC,Bladen County,14.818
NC,Brunswick County,26.992
NC,Buncombe County,36.574
NC,Burke County,16.867
NC,Cabarrus County,28.616
NC,Caldwell County,13.793
NC,Camden County,20.359
NC,Carteret County,25.939
NC,Caswell County,13.192
NC,Catawba County,21.611
NC,Chatham County,38.807
NC,Cherokee County,19.236
NC,Chowan County,20.123
NC,Clay County,20.991
NC,Cleveland County,16.303
NC,Columbus County,11.979
NC,Craven County,22.463
NC,Cumberland County,24.113
NC,Currituck County,21.864
NC,Dare County,29.044
NC,Davidson County,18.193
NC,Davie County,23.57
NC,Duplin County,10.262
NC,Durham County,46.928
NC,Edgecombe County,10.389
NC,Forsyth County,33.604
NC,Franklin County,20.406
NC,Gaston County,19.833
NC,Gates County,14.469
NC,Graham County,13.991
NC,Granville County,19.421
NC,Greene County,9.23
NC,Guilford County,34.46
NC,Halifax County,13.396
NC,Harnett County,19.263
NC,Haywood County,23.767
NC,Henderson County,29.722
NC,Hertford County,14.952
NC,Hoke County,17.751
NC,Hyde County,8.749
NC,Iredell County,25.684
NC,Jackson County,29.367
NC,Johnston County,21.208
NC,Jones County,14.035
NC,Lee County,20.821
NC,Lenoir County,13.682
NC,Lincoln County,19.711
NC,McDowell County,14.645
NC,Macon County,22.815
NC,Madison County,24.707
NC,Martin County,15.783
NC,Mecklenburg County,43.098
NC,Mitchell County,17.464
NC,Montgomery County,14.511
NC,Moore County,34.176
NC,Nash County,19.574
NC,New Hanover County,37.926
NC,Northampton County,11.278
NC,Onslow County,19.516
NC,Orange County,57.693
NC,Pamlico County,19.213
NC,Pasquotank County,18.877
NC,Pender County,23.106
NC,Perquimans County,17.405
NC,Person County,14.903
NC,Pitt County,29.459
NC,Polk County,31.791
NC,Randolph County,15.119
NC,Richmond County,13.809
NC,Robeson County,12.629
NC,Rockingham County,13.831
NC,Rowan County,17.625
NC,Rutherford County,16.728
NC,Sampson County,11.924
NC,Scotland County,14.687
NC,Stanly County,16.105
NC,Stokes County,14.317
NC,Surry County,15.282
NC,Swain County,15.335
NC,Transylvania County,29.655
NC,Tyrrell County,8.242
NC,Union County,33.629
NC,Vance County,11.461
NC,Wake County,50.071
NC,Warren County,14.636
NC,Washington County,9.675
NC,Watauga County,38.914
NC,Wayne County,18.664
NC,Wilkes County,13.761
NC,Wilson County,18.564
NC,Yadkin County,12.136
NC,Yancey County,20.143
ND,North Dakota,28.173
ND,Adams County,27.527
ND,Barnes County,23.677
ND,Benson County,14.996
ND,Billings County,24.891
ND,Bottineau County,21.277
ND,Bowman County,21.941
ND,Burke County,20.869
ND,Burleigh County,34.227
ND,Cass County,37.364
ND,Cavalier County,18.675
ND,Dickey County,27.952
ND,Divide County,23.077
ND,Dunn County,20.46
ND,Eddy County,22.15
ND,Emmons County,15.285
ND,Foster County,21.632
ND,Golden Valley County,22.312
ND,Grand Forks County,33.094
ND,Grant County,18.062
ND,Griggs County,20.266
ND,Hettinger County,13.788
ND,Kidder County,19.697
ND,LaMoure County,22.527
ND,Logan County,13.805
ND,McHenry County,20.751
ND,McIntosh County,18.276
ND,McKenzie County,24.58
ND,McLean County,18.273
ND,Mercer County,20.662
ND,Morton County,25.299
ND,Mountrail County,23.643
ND,Nelson County,19.42
ND,Oliver County,17.395
ND,Pembina County,20.235
ND,Pierce County,14.011
ND,Ramsey County,21.88
ND,Ransom County,17.212
ND,Renville County,17.189
ND,Richland County,21.865
ND,Rolette County,22.488
ND,Sargent County,18.957
ND,Sheridan County,15.441
ND,Sioux County,16.609
ND,Slope County,29.331
ND,Stark County,24.695
ND,Steele County,23.156
ND,Stutsman County,24.533
ND,Towner County,18.589
ND,Traill County,27.17
ND,Walsh County,16.719
ND,Ward County,26.378
ND,Wells County,21.262
ND,Williams County,22.509
OH,Ohio,26.667
OH,Adams County,10.887
OH,Allen County,17.387
OH,Ashland County,19.638
OH,Ashtabula County,13.119
OH,Athens County,29.126
OH,Auglaize County,17.772
OH,Belmont County,16.408
OH,Brown County,12.437
OH,Butler County,29.134
OH,Carroll County,11.425
OH,Champaign County,16.504
OH,Clark County,17.967
OH,Clermont County,27.618
OH,Clinton County,16.492
OH,Columbiana County,13.936
OH,Coshocton County,12.055
OH,Crawford County,12.672
OH,Cuyahoga County,30.891
OH,Darke County,13.094
OH,Defiance County,15.753
OH,Delaware County,52.456
OH,Erie County,21.593
OH,Fairfield County,26.41
OH,Fayette County,14.508
OH,Franklin County,38.353
OH,Fulton County,17.021
OH,Gallia County,15.449
OH,Geauga County,37.269
OH,Greene County,37.648
OH,Guernsey County,13.65
OH,Hamilton County,35.596
OH,Hancock County,25.838
OH,Hardin County,14.4
OH,Harrison County,9.666
OH,Henry County,16.037
OH,Highland County,12.003
OH,Hocking County,14.136
OH,Holmes County,7.725
OH,Huron County,13.479
OH,Jackson County,16.88
OH,Jefferson County,15.43
OH,Knox County,21.892
OH,Lake County,27.04
OH,Lawrence County,14.143
OH,Licking County,23.329
OH,Logan County,15.556
OH,Lorain County,23.489
OH,Lucas County,25.09
OH,Madison County,16.35
OH,Mahoning County,22.79
OH,Marion County,12.296
OH,Medina County,31.455
OH,Meigs County,13.436
OH,Mercer County,16.832
OH,Miami County,21.064
OH,Monroe County,10.697
OH,Montgomery County,26.143
OH,Morgan County,12.172
OH,Morrow County,13.507
OH,Muskingum County,15.066
OH,Noble County,9.451
OH,Ottawa County,21.3
OH,Paulding County,13.046
OH,Perry County,11.961
OH,Pickaway County,17.307
OH,Pike County,12.275
OH,Portage County,27.28
OH,Preble County,13.485
OH,Putnam County,19.39
OH,Richland County,16.395
OH,Ross County,15.304
OH,Sandusky County,14.816
OH,Scioto County,14.994
OH,Seneca County,14.712
OH,Shelby County,17.089
OH,Stark County,22.632
OH,Summit County,30.714
OH,Trumbull County,17.96
OH,Tuscarawas County,14.98
OH,Union County,29.091
OH,Van Wert County,17.161
OH,Vinton County,9.559
OH,Warren County,40.956
OH,Washington County,18.409
OH,Wayne County,21.468
OH,Williams County,14.199
OH,Wood County,31.683
OH,Wyandot County,14.629
OK,Oklahoma,24.469
OK,Adair County,13.428
OK,Alfalfa County,20.905
OK,Atoka County,14.715
OK,Beaver County,21.535
OK,Beckham County,18.296
OK,Blaine County,16.971
OK,Bryan County,22.077
OK,Caddo County,16.074
OK,Canadian County,25.78
OK,Carter County,19.469
OK,Cherokee County,24.099
OK,Choctaw County,12.954
OK,Cimarron County,19.775
OK,Cleveland County,31.77
OK,Coal County,16.959
OK,Comanche County,20.67
OK,Cotton County,16.382
OK,Craig County,14.332
OK,Creek County,15.604
OK,Custer County,27.754
OK,Delaware County,16.722
OK,Dewey County,22.025
OK,Ellis County,21.867
OK,Garfield County,21.357
OK,Garvin County,15.368
OK,Grady County,17.787
OK,Grant County,24.279
OK,Greer County,14.405
OK,Harmon County,21.544
OK,Harper County,24.126
OK,Haskell County,12.055
OK,Hughes County,10.872
OK,Jackson County,20.614
OK,Jefferson County,13.312
OK,Johnston County,15.814
OK,Kay County,19.472
OK,Kingfisher County,22.023
OK,Kiowa County,17.571
OK,Latimer County,15.867
OK,Le Flore County,14.528
OK,Lincoln County,14.33
OK,Logan County,26.551
OK,Love County,13.445
OK,McClain County,22.947
OK,McCurtain County,13.759
OK,McIntosh County,13.76
OK,Major County,16.871
OK,Marshall County,13.583
OK,Mayes County,15.318
OK,Murray County,20.17
OK,Muskogee County,19.168
OK,Noble County,22.734
OK,Nowata County,12.562
OK,Okfuskee County,12.128
OK,Oklahoma County,30.805
OK,Okmulgee County,15.554
OK,Osage County,16.875
OK,Ottawa County,13.894
OK,Pawnee County,16.49
OK,Payne County,37.071
OK,Pittsburg County,16.148
OK,Pontotoc County,26.978
OK,Pottawatomie County,17.734
OK,Pushmataha County,14.425
OK,Roger Mills County,21.156
OK,Rogers County,23.186
OK,Seminole County,13.887
OK,Sequoyah County,14.097
OK,Stephens County,18.016
OK,Texas County,20.11
OK,Tillman County,16.118
OK,Tulsa County,30.683
OK,Wagoner County,21.775
OK,Washington County,26.287
OK,Washita County,21.448
OK,Woods County,26.711
OK,Woodward County,20.87
OR,Oregon,31.438
OR,Baker County,22.993
OR,Benton County,53.694
OR,Clackamas County,34.064
OR,Clatsop County,24.085
OR,Columbia County,19.184
OR,Coos County,18.355
OR,Crook County,16.128
OR,Curry County,23.575
OR,Deschutes County,33.313
OR,Douglas County,16.326
OR,Gilliam County,17.053
OR,Grant County,21.726
OR,Harney County,17.323
OR,Hood River County,30.099
OR,Jackson County,26.061
OR,Jefferson County,16.117
OR,Josephine County,17.27
OR,Klamath County,18.903
OR,Lake County,17.321
OR,Lane County,28.68
OR,Lincoln County,23.045
OR,Linn County,18.129
OR,Malheur County,13.273
OR,Marion County,22.413
OR,Morrow County,9.957
OR,Multnomah County,42.681
OR,Polk County,29.753
OR,Sherman County,16.972
OR,Tillamook County,20.862
OR,Umatilla County,15.566
OR,Union County,23.256
OR,Wallowa County,25.15
OR,Wasco County,18.551
OR,Washington County,41.2
OR,Wheeler County,16.958
OR,Yamhill County,24.502
PA,Pennsylvania,29.333
PA,Adams County,21.867
PA,Allegheny County,39.07
PA,Armstrong County,15.504
PA,Beaver County,23.404
PA,Bedford County,13.763
PA,Berks County,23.618
PA,Blair County,19.534
PA,Bradford County,17.682
PA,Bucks County,38.35
PA,Butler County,33.29
PA,Cambria County,20.22
PA,Cameron County,15.584
PA,Carbon County,15.976
PA,Centre County,42.396
PA,Chester County,50.233
PA,Clarion County,20.874
PA,Clearfield County,13.219
PA,Clinton County,17.493
PA,Columbia County,21.359
PA,Crawford County,20.633
PA,Cumberland County,33.643
PA,Dauphin County,29.325
PA,Delaware County,36.784
PA,Elk County,17.774
PA,Erie County,26.963
PA,Fayette County,14.734
PA,Forest County,8.299
PA,Franklin County,20.055
PA,Fulton County,13.377
PA,Greene County,17.33
PA,Huntingdon County,14.712
PA,Indiana County,22.153
PA,Jefferson County,14.828
PA,Juniata County,13.313
PA,Lackawanna County,26.099
PA,Lancaster County,25.65
PA,Lawrence County,20.328
PA,Lebanon County,19.859
PA,Lehigh County,28.908
PA,Luzerne County,22.053
PA,Lycoming County,20.625
PA,McKean County,16.995
PA,Mercer County,21.575
PA,Mifflin County,12.067
PA,Monroe County,23.554
PA,Montgomery County,47.457
PA,Montour County,28.494
PA,Northampton County,27.874
PA,Northumberland County,15.021
PA,Perry County,16.344
PA,Philadelphia County,26.35
PA,Pike County,25.296
PA,Potter County,15.049
PA,Schuylkill County,15.316
PA,Snyder County,16.678
PA,Somerset County,15.466
PA,Sullivan County,15.511
PA,Susquehanna County,16.749
PA,Tioga County,20.487
PA,Union County,22.142
PA,Venango County,16.51
PA,Warren County,18.428
PA,Washington County,28.137
PA,Wayne County,20.513
PA,Westmoreland County,26.906
PA,Wyoming County,18.6
PA,York County,23.115
RI,Rhode Island,32.458
RI,Bristol County,46.408
RI,Kent County,31.829
RI,Newport County,45.508
RI,Providence County,27.264
RI,Washington County,44.584
SC,South Carolina,26.459
SC,Abbeville County,13.744
SC,Aiken County,25.313
SC,Allendale County,9.828
SC,Anderson County,20.02
SC,Bamberg County,19.126
SC,Barnwell County,13.22
SC,Beaufort County,39.609
SC,Berkeley County,22.975
SC,Calhoun County,16.967
SC,Charleston County,41.142
SC,Cherokee County,15.969
SC,Chester County,14.406
SC,Chesterfield County,11.515
SC,Clarendon County,14.975
SC,Colleton County,15.317
SC,Darlington County,17.128
SC,Dillon County,9.585
SC,Dorchester County,26.354
SC,Edgefield County,18.615
SC,Fairfield County,17.359
SC,Florence County,22.399
SC,Georgetown County,26.112
SC,Greenville County,32.882
SC,Greenwood County,23.538
SC,Hampton County,11.056
SC,Horry County,22.609
SC,Jasper County,14.526
SC,Kershaw County,20.604
SC,Lancaster County,23.294
SC,Laurens County,14.153
SC,Lee County,10.479
SC,Lexington County,29.864
SC,McCormick County,18.65
SC,Marion County,16.274
SC,Marlboro County,8.432
SC,Newberry County,16.304
SC,Oconee County,23.515
SC,Orangeburg County,19.994
SC,Pickens County,23.599
SC,Richland County,37.51
SC,Saluda County,16.603
SC,Spartanburg County,22.828
SC,Sumter County,19.035
SC,Union County,12.386
SC,Williamsburg County,12.472
SC,York County,29.506
SD,South Dakota,27.45
SD,Aurora County,20.625
SD,Beadle County,20.341
SD,Bennett County,17.794
SD,Bon Homme County,18.325
SD,Brookings County,40.952
SD,Brown County,27.925
SD,Brule County,25.603
SD,Buffalo County,8.058
SD,Butte County,19.696
SD,Campbell County,23.801
SD,Charles Mix County,18.131
SD,Clark County,16.694
SD,Clay County,47.827
SD,Codington County,20.939
SD,Corson County,16.353
SD,Custer County,24.499
SD,Davison County,26.645
SD,Day County,17.132
SD,Deuel County,19.782
SD,Dewey County,14.077
SD,Douglas County,20.626
SD,Edmunds County,22.944
SD,Fall River County,23.949
SD,Faulk County,26.1
SD,Grant County,14.608
SD,Gregory County,19.288
SD,Haakon County,19.905
SD,Hamlin County,20.479
SD,Hand County,23.138
SD,Hanson County,21.39
SD,Harding County,29.691
SD,Hughes County,33.006
SD,Hutchinson County,21.591
SD,Hyde County,20.416
SD,Jackson County,18.626
SD,Jerauld County,17.755
SD,Jones County,14.379
SD,Kingsbury County,22.667
SD,Lake County,33.208
SD,Lawrence County,31.604
SD,Lincoln County,41.233
SD,Lyman County,18.279
SD,McCook County,22.545
SD,McPherson County,15.111
SD,Marshall County,22.595
SD,Meade County,23.78
SD,Mellette County,14.002
SD,Miner County,21.62
SD,Minnehaha County,30.258
SD,Moody County,26.849
SD,Oglala Lakota County,11.2
SD,Pennington County,28.929
SD,Perkins County,19.194
SD,Potter County,19.977
SD,Roberts County,16.036
SD,Sanborn County,19.276
SD,Spink County,21.092
SD,Stanley County,26.994
SD,Sully County,25.309
SD,Todd County,15.742
SD,Tripp County,21.397
SD,Turner County,21.443
SD,Union County,30.137
SD,Walworth County,20.635
SD,Yankton County,27.332
SD,Ziebach County,15.547
TN,Tennessee,25.352
TN,Anderson County,23.968
TN,Bedford County,14.253
TN,Benton County,12.246
TN,Bledsoe County,11.259
TN,Blount County,23.121
TN,Bradley County,20.9
TN,Campbell County,10.622
TN,Cannon County,12.995
TN,Carroll County,14.976
TN,Carter County,16.103
TN,Cheatham County,19.419
TN,Chester County,15.788
TN,Claiborne County,13.187
TN,Clay County,13.747
TN,Cocke County,10.244
TN,Coffee County,18.451
TN,Crockett County,13.577
TN,Cumberland County,18.762
TN,Davidson County,38.203
TN,Decatur County,11.296
TN,DeKalb County,14.178
TN,Dickson County,14.136
TN,Dyer County,18.443
TN,Fayette County,22.073
TN,Fentress County,12.528
TN,Franklin County,19.017
TN,Gibson County,17.317
TN,Giles County,14.016
TN,Grainger County,11.601
TN,Greene County,14.686
TN,Grundy County,10.967
TN,Hamblen County,15.968
TN,Hamilton County,29.598
TN,Hancock County,11.322
TN,Hardeman County,10.814
TN,Hardin County,12.653
TN,Hawkins County,12.987
TN,Haywood County,11.904
TN,Henderson County,13.361
TN,Henry County,14.695
TN,Hickman County,11.397
TN,Houston County,10.739
TN,Humphreys County,12.874
TN,Jackson County,8.008
TN,Jefferson County,15.625
TN,Johnson County,10.095
TN,Knox County,35.661
TN,Lake County,9.129
TN,Lauderdale County,8.575
TN,Lawrence County,11.677
TN,Lewis County,12.302
TN,Lincoln County,17.505
TN,Loudon County,25.375
TN,McMinn County,13.681
TN,McNairy County,10.951
TN,Macon County,9.224
TN,Madison County,25.536
TN,Marion County,12.347
TN,Marshall County,14.031
TN,Maury County,19.562
TN,Meigs County,8.824
TN,Monroe County,12.152
TN,Montgomery County,25.33
TN,Moore County,17.223
TN,Morgan County,7.455
TN,Obion County,16.576
TN,Overton County,13.844
TN,Perry County,9.829
TN,Pickett County,9.23
TN,Polk County,9.68
TN,Putnam County,24.383
TN,Rhea County,13.18
TN,Roane County,18.778
TN,Robertson County,18.132
TN,Rutherford County,30.232
TN,Scott County,8.917
TN,Sequatchie County,13.244
TN,Sevier County,17.534
TN,Shelby County,30.17
TN,Smith County,10.721
TN,Stewart County,13.042
TN,Sullivan County,21.361
TN,Sumner County,25.601
TN,Tipton County,15.617
TN,Trousdale County,14.797
TN,Unicoi County,12.575
TN,Union County,9.95
TN,Van Buren County,11.749
TN,Warren County,13.167
TN,Washington County,30.862
TN,Wayne County,10.646
TN,Weakley County,21.112
TN,White County,11.786
TN,Williamson County,56.581
TN,Wilson County,28.861
TX,Texas,28.099
TX,Anderson County,11.768
TX,Andrews County,10.64
TX,Angelina County,15.66
TX,Aransas County,20.189
TX,Archer County,21.806
TX,Armstrong County,23.105
TX,Atascosa County,14.271
TX,Austin County,20.992
TX,Bailey County,10.748
TX,Bandera County,24.039
TX,Bastrop County,18.362
TX,Baylor County,26.59
TX,Bee County,8.905
TX,Bell County,23.239
TX,Bexar County,26.926
TX,Blanco County,28.77
TX,Borden County,36.522
TX,Bosque County,17.681
TX,Bowie County,18.765
TX,Brazoria County,28.724
TX,Brazos County,39.777
TX,Brewster County,35.988
TX,Briscoe County,22.957
TX,Brooks County,14.557
TX,Brown County,18.525
TX,Burleson County,14.798
TX,Burnet County,23.003
TX,Caldwell County,14.703
TX,Calhoun County,15.415
TX,Callahan County,14.714
TX,Cameron County,16.774
TX,Camp County,14.991
TX,Carson County,26.429
TX,Cass County,14.445
TX,Castro County,13.122
TX,Chambers County,21.135
TX,Cherokee County,17.358
TX,Childress County,15.552
TX,Clay County,16.325
TX,Cochran County,9.485
TX,Coke County,20.487
TX,Coleman County,14.208
TX,Collin County,50.211
TX,Collingsworth County,17.026
TX,Colorado County,18.388
TX,Comal County,34.514
TX,Comanche County,17.005
TX,Concho County,11.49
TX,Cooke County,21.6
TX,Coryell County,15.147
TX,Cottle County,16.176
TX,Crane County,12.875
TX,Crockett County,11.045
TX,Crosby County,12.073
TX,Culberson County,7.657
TX,Dallam County,11.836
TX,Dallas County,29.683
TX,Dawson County,12.626
TX,Deaf Smith County,14.207
TX,Delta County,18.562
TX,Denton County,42.168
TX,DeWitt County,14.619
TX,Dickens County,14.303
TX,Dimmit County,10.513
TX,Donley County,16.522
TX,Duval County,8.883
TX,Eastland County,14.578
TX,Ector County,15.155
TX,Edwards County,23.967
TX,Ellis County,21.947
TX,El Paso County,21.685
TX,Erath County,28.196
TX,Falls County,11.863
TX,Fannin County,15.631
TX,Fayette County,17.093
TX,Fisher County,18.439
TX,Floyd County,16.391
TX,Foard County,16.038
TX,Fort Bend County,44.641
TX,Franklin County,18.986
TX,Freestone County,11.512
TX,Frio County,7.277
TX,Gaines County,10.473
TX,Galveston County,28.928
TX,Garza County,8.783
TX,Gillespie County,34.148
TX,Glasscock County,25.213
TX,Goliad County,15.992
TX,Gonzales County,13.745
TX,Gray County,13.581
TX,Grayson County,20.191
TX,Gregg County,20.71
TX,Grimes County,13.171
TX,Guadalupe County,26.547
TX,Hale County,15.758
TX,Hall County,12.542
TX,Hamilton County,21.482
TX,Hansford County,20.787
TX,Hardeman County,13.477
TX,Hardin County,16.081
TX,Harris County,30.076
TX,Harrison County,17.685
TX,Hartley County,20.091
TX,Haskell County,13.475
TX,Hays County,36.318
TX,Hemphill County,23.209
TX,Henderson County,17.487
TX,Hidalgo County,17.417
TX,Hill County,16.044
TX,Hockley County,14.709
TX,Hood County,25.767
TX,Hopkins County,17.06
TX,Houston County,14.507
TX,Howard County,12.624
TX,Hudspeth County,7.48
TX,Hunt County,17.328
TX,Hutchinson County,15.285
TX,Irion County,15.663
TX,Jack County,10.778
TX,Jackson County,17.25
TX,Jasper County,10.626
TX,Jeff Davis County,38.417
TX,Jefferson County,18.772
TX,Jim Hogg County,11.057
TX,Jim Wells County,10.712
TX,Johnson County,17.745
TX,Jones County,10.959
TX,Karnes County,12.259
TX,Kaufman County,19.45
TX,Kendall County,39.333
TX,Kenedy County,11.461
TX,Kent County,23.896
TX,Kerr County,26.202
TX,Kimble County,16.98
TX,King County,23.223
TX,Kinney County,13.216
TX,Kleberg County,25.269
TX,Knox County,18.331
TX,Lamar County,16.693
TX,Lamb County,17.449
TX,Lampasas County,20.544
TX,La Salle County,14.632
TX,Lavaca County,16.187
TX,Lee County,17.031
TX,Leon County,16.727
TX,Liberty County,10.038
TX,Limestone County,14.929
TX,Lipscomb County,17.712
TX,Live Oak County,11.085
TX,Llano County,26.616
TX,Loving County,2.985
TX,Lubbock County,27.979
TX,Lynn County,17.241
TX,McCulloch County,16.069
TX,McLennan County,22.221
TX,McMullen County,16.245
TX,Madison County,12.254
TX,Marion County,12.697
TX,Martin County,19.28
TX,Mason County,23.653
TX,Matagorda County,15.247
TX,Maverick County,11.686
TX,Medina County,19.431
TX,Menard County,15.091
TX,Midland County,26.228
TX,Milam County,15.667
TX,Mills County,22.77
TX,Mitchell County,11.095
TX,Montague County,14.765
TX,Montgomery County,32.962
TX,Moore County,13.496
TX,Morris County,16.478
TX,Motley County,17.397
TX,Nacogdoches County,25.243
TX,Navarro County,15.732
TX,Newton County,7.491
TX,Nolan County,12.654
TX,Nueces County,20.452
TX,Ochiltree County,16.375
TX,Oldham County,25.923
TX,Orange County,15.174
TX,Palo Pinto County,15.844
TX,Panola County,14.194
TX,Parker County,27.025
TX,Parmer County,16.02
TX,Pecos County,9.594
TX,Polk County,11.965
TX,Potter County,14.569
TX,Presidio County,25.021
TX,Rains County,9.452
TX,Randall County,30.426
TX,Reagan County,11.476
TX,Real County,23.157
TX,Red River County,13.414
TX,Reeves County,11.191
TX,Refugio County,10.796
TX,Roberts County,31.502
TX,Robertson County,17.356
TX,Rockwall County,37.951
TX,Runnels County,18.13
TX,Rusk County,14.71
TX,Sabine County,12.939
TX,San Augustine County,11.508
TX,San Jacinto County,10.005
TX,San Patricio County,14.457
TX,San Saba County,14.549
TX,Schleicher County,19.123
TX,Scurry County,15.429
TX,Shackelford County,25.157
TX,Shelby County,15.299
TX,Sherman County,21.576
TX,Smith County,24.67
TX,Somervell County,19.163
TX,Starr County,9.277
TX,Stephens County,16.92
TX,Sterling County,23.707
TX,Stonewall County,13.544
TX,Sutton County,16.844
TX,Swisher County,14.818
TX,Tarrant County,30.735
TX,Taylor County,24.118
TX,Terrell County,16.975
TX,Terry County,12.131
TX,Throckmorton County,19.876
TX,Titus County,15.151
TX,Tom Green County,22.432
TX,Travis County,46.447
TX,Trinity County,12.18
TX,Tyler County,11.324
TX,Upshur County,15.784
TX,Upton County,9.898
TX,Uvalde County,14.928
TX,Val Verde County,17.465
TX,Van Zandt County,16.3
TX,Victoria County,18.848
TX,Walker County,19.501
TX,Waller County,18.745
TX,Ward County,14.099
TX,Washington County,22.047
TX,Webb County,17.454
TX,Wharton County,14.527
TX,Wheeler County,14.12
TX,Wichita County,22.174
TX,Wilbarger County,15.545
TX,Willacy County,8.647
TX,Williamson County,39.403
TX,Wilson County,19.296
TX,Winkler County,10.312
TX,Wise County,16.907
TX,Wood County,17.138
TX,Yoakum County,17.816
TX,Young County,18.592
TX,Zapata County,8.319
TX,Zavala County,9.13
UT,Utah,31.675
UT,Beaver County,21.358
UT,Box Elder County,21.381
UT,Cache County,36.323
UT,Carbon County,15.482
UT,Daggett County,14.528
UT,Davis County,35.408
UT,Duchesne County,14.117
UT,Emery County,13.45
UT,Garfield County,20.085
UT,Grand County,27.149
UT,Iron County,28.268
UT,Juab County,16.895
UT,Kane County,25.33
UT,Millard County,19.806
UT,Morgan County,38.034
UT,Piute County,20.715
UT,Rich County,20.405
UT,Salt Lake County,32.801
UT,San Juan County,17.482
UT,Sanpete County,19.469
UT,Sevier County,16.504
UT,Summit County,52.118
UT,Tooele County,20.773
UT,Uintah County,14.906
UT,Utah County,38.138
UT,Wasatch County,36.941
UT,Washington County,27.589
UT,Wayne County,29.122
UT,Weber County,23.301
VT,Vermont,36.182
VT,Addison County,35.774
VT,Bennington County,33.593
VT,Caledonia County,27.669
VT,Chittenden County,49.398
VT,Essex County,15.865
VT,Franklin County,23.456
VT,Grand Isle County,34.889
VT,Lamoille County,36.361
VT,Orange County,30.192
VT,Orleans County,22.143
VT,Rutland County,29.196
VT,Washington County,40.461
VT,Windham County,35.265
VT,Windsor County,35.178
VA,Virginia,36.891
VA,Accomack County,18.335
VA,Albemarle County,51.534
VA,Alleghany County,16.288
VA,Amelia County,14.074
VA,Amherst County,18.88
VA,Appomattox County,19.55
VA,Arlington County,73.665
VA,Augusta County,23.32
VA,Bath County,15.436
VA,Bedford County,27.804
VA,Bland County,16.175
VA,Botetourt County,27.336
VA,Brunswick County,12.387
VA,Buchanan County,9.937
VA,Buckingham County,11.902
VA,Campbell County,20.366
VA,Caroline County,18.787
VA,Carroll County,12.814
VA,Charles City County,12.736
VA,Charlotte County,13.042
VA,Chesterfield County,37.69
VA,Clarke County,29.987
VA,Craig County,12.952
VA,Culpeper County,22.326
VA,Cumberland County,15.125
VA,Dickenson County,10.713
VA,Dinwiddie County,16.929
VA,Essex County,16.652
VA,Fairfax County,60.26
VA,Fauquier County,33.543
VA,Floyd County,17.717
VA,Fluvanna County,31.005
VA,Franklin County,20.65
VA,Frederick County,28.825
VA,Giles County,15.858
VA,Gloucester County,22.551
VA,Goochland County,36.071
VA,Grayson County,10.659
VA,Greene County,24.424
VA,Greensville County,8.499
VA,Halifax County,15.825
VA,Hanover County,36.677
VA,Henrico County,40.815
VA,Henry County,11.562
VA,Highland County,22.415
VA,Isle of Wight County,27.369
VA,James City County,47.768
VA,King and Queen County,19.223
VA,King George County,34.46
VA,King William County,18.609
VA,Lancaster County,29.745
VA,Lee County,11.633
VA,Loudoun County,58.84
VA,Louisa County,21.925
VA,Lunenburg County,11.756
VA,Madison County,25.645
VA,Mathews County,26.582
VA,Mecklenburg County,17.131
VA,Middlesex County,23.372
VA,Montgomery County,46.013
VA,Nelson County,30.053
VA,New Kent County,25.958
VA,Northampton County,21.481
VA,Northumberland County,27.06
VA,Nottoway County,15.241
VA,Orange County,25.937
VA,Page County,12.9
VA,Patrick County,13.6
VA,Pittsylvania County,14.623
VA,Powhatan County,28.497
VA,Prince Edward County,23.203
VA,Prince George County,22.062
VA,Prince William County,39.451
VA,Pulaski County,18.216
VA,Rappahannock County,32.421
VA,Richmond County,13.43
VA,Roanoke County,34.092
VA,Rockbridge County,25.123
VA,Rockingham County,24.562
VA,Russell County,13.117
VA,Scott County,12.561
VA,Shenandoah County,19.43
VA,Smyth County,14.79
VA,Southampton County,16.089
VA,Spotsylvania County,29.596
VA,Stafford County,37.333
VA,Surry County,22.821
VA,Sussex County,11.262
VA,Tazewell County,14.561
VA,Warren County,20.047
VA,Washington County,24.777
VA,Westmoreland County,21.191
VA,Wise County,14.425
VA,Wythe County,16.59
VA,York County,43.225
VA,Alexandria city,62.089
VA,Bedford city,
VA,Bristol city,23.433
VA,Buena Vista city,16.154
VA,Charlottesville city,50.039
VA,Chesapeake city,30.375
VA,Clifton Forge city,
VA,Colonial Heights city,21.862
VA,Covington city,11.27
VA,Danville city,18.21
VA,Emporia city,15.328
VA,Fairfax city,54.727
VA,Falls Church city,80.21
VA,Franklin city,22.39
VA,Fredericksburg city,42.297
VA,Galax city,9.634
VA,Hampton city,24.001
VA,Harrisonburg city,36.248
VA,Hopewell city,14.386
VA,Lexington city,44.887
VA,Lynchburg city,33.289
VA,Manassas city,30.076
VA,Manassas Park city,30.421
VA,Martinsville city,18.281
VA,Newport News city,24.723
VA,Norfolk city,26.612
VA,Norton city,17.321
VA,Petersburg city,16.588
VA,Poquoson city,39.786
VA,Portsmouth city,21.072
VA,Radford city,34.086
VA,Richmond city,36.691
VA,Roanoke city,22.905
VA,Salem city,26.898
VA,Staunton city,33.67
VA,Suffolk city,26.591
VA,Virginia Beach city,34.242
VA,Waynesboro city,22.63
VA,Williamsburg city,56.709
VA,Winchester city,31.271
WA,Washington,33.557
WA,Adams County,13.788
WA,Asotin County,21.014
WA,Benton County,29.413
WA,Chelan County,25.311
WA,Clallam County,24.257
WA,Clark County,27.883
WA,Columbia County,25.414
WA,Cowlitz County,15.858
WA,Douglas County,17.697
WA,Ferry County,18.065
WA,Franklin County,15.815
WA,Garfield County,24.196
WA,Grant County,15.616
WA,Grays Harbor County,15.307
WA,Island County,31.692
WA,Jefferson County,38.781
WA,King County,49.056
WA,Kitsap County,31.151
WA,Kittitas County,34.656
WA,Klickitat County,24.417
WA,Lewis County,15.51
WA,Lincoln County,21.976
WA,Mason County,18.567
WA,Okanogan County,18.421
WA,Pacific County,17.037
WA,Pend Oreille County,18.696
WA,Pierce County,25.4
WA,San Juan County,47.015
WA,Skagit County,24.716
WA,Skamania County,22.722
WA,Snohomish County,30.598
WA,Spokane County,28.742
WA,Stevens County,18.044
WA,Thurston County,33.303
WA,Wahkiakum County,15.072
WA,Walla Walla County,28.578
WA,Whatcom County,32.631
WA,Whitman County,49.799
WA,Yakima County,15.273
WV,West Virginia,19.559
WV,Barbour County,12.828
WV,Berkeley County,20.252
WV,Boone County,8.69
WV,Braxton County,12.203
WV,Brooke County,19.84
WV,Cabell County,26.139
WV,Calhoun County,11.91
WV,Clay County,10.11
WV,Doddridge County,14.819
WV,Fayette County,13.161
WV,Gilmer County,15.98
WV,Grant County,14.01
WV,Greenbrier County,19.582
WV,Hampshire County,11.353
WV,Hancock County,18.164
WV,Hardy County,14.659
WV,Harrison County,21.566
WV,Jackson County,17.681
WV,Jefferson County,29.886
WV,Kanawha County,25.182
WV,Lewis County,14.029
WV,Lincoln County,9.021
WV,Logan County,8.89
WV,McDowell County,5.15
WV,Marion County,21.818
WV,Marshall County,16.131
WV,Mason County,11.368
WV,Mercer County,19.465
WV,Mineral County,12.367
WV,Mingo County,9.918
WV,Monongalia County,39.166
WV,Monroe County,13.362
WV,Morgan County,17.663
WV,Nicholas County,15.285
WV,Ohio County,30.119
WV,Pendleton County,14.592
WV,Pleasants County,13.459
WV,Pocahontas County,16.205
WV,Preston County,14.575
WV,Putnam County,25.02
WV,Raleigh County,18.15
WV,Randolph County,18.3
WV,Ritchie County,10.389
WV,Roane County,11.684
WV,Summers County,14.781
WV,Taylor County,18.523
WV,Tucker County,14.206
WV,Tyler County,13.744
WV,Upshur County,18.562
WV,Wayne County,12.879
WV,Webster County,9.182
WV,Wetzel County,10.749
WV,Wirt County,9.653
WV,Wood County,20.261
WV,Wyoming County,8.212
WI,Wisconsin,28.373
WI,Adams County,12.665
WI,Ashland County,22.213
WI,Barron County,18.214
WI,Bayfield County,29.231
WI,Brown County,28.244
WI,Buffalo County,18.192
WI,Burnett County,18.52
WI,Calumet County,28.703
WI,Chippewa County,19.278
WI,Clark County,11.477
WI,Columbia County,22.676
WI,Crawford County,15.709
WI,Dane County,49.026
WI,Dodge County,16.255
WI,Door County,31.325
WI,Douglas County,22.778
WI,Dunn County,26.627
WI,Eau Claire County,30.751
WI,Florence County,17.5
WI,Fond du Lac County,21.924
WI,Forest County,14.083
WI,Grant County,21.337
WI,Green County,22.688
WI,Green Lake County,17.694
WI,Iowa County,23.038
WI,Iron County,19.658
WI,Jackson County,13.871
WI,Jefferson County,23.471
WI,Juneau County,12.922
WI,Kenosha County,24.646
WI,Kewaunee County,16.9
WI,La Crosse County,32.47
WI,Lafayette County,17.663
WI,Langlade County,16.051
WI,Lincoln County,15.961
WI,Manitowoc County,19.659
WI,Marathon County,23.939
WI,Marinette County,14.508
WI,Marquette County,13.762
WI,Menominee County,16.467
WI,Milwaukee County,29.748
WI,Monroe County,18.179
WI,Oconto County,16.195
WI,Oneida County,26.248
WI,Outagamie County,27.785
WI,Ozaukee County,46.664
WI,Pepin County,18.345
WI,Pierce County,27.817
WI,Polk County,19.6
WI,Portage County,30.305
WI,Price County,16.211
WI,Racine County,23.972
WI,Richland County,17.842
WI,Rock County,20.766
WI,Rusk County,14.79
WI,St. Croix County,33.399
WI,Sauk County,22.323
WI,Sawyer County,22.134
WI,Shawano County,15.598
WI,Sheboygan County,23.622
WI,Taylor County,13.462
WI,Trempealeau County,19.253
WI,Vernon County,21.215
WI,Vilas County,26.812
WI,Walworth County,27.818
WI,Washburn County,21.569
WI,Washington County,29.422
WI,Waukesha County,41.623
WI,Waupaca County,17.664
WI,Waushara County,15.085
WI,Winnebago County,26.887
WI,Wood County,20.383
WY,Wyoming,26.01
WY,Albany County,47.863
WY,Big Horn County,19.306
WY,Campbell County,19.064
WY,Carbon County,20.318
WY,Converse County,15.532
WY,Crook County,21.366
WY,Fremont County,22.351
WY,Goshen County,22.963
WY,Hot Springs County,22.336
WY,Johnson County,25.463
WY,Laramie County,27.653
WY,Lincoln County,20.369
WY,Natrona County,22.213
WY,Niobrara County,18.991
WY,Park County,32.001
WY,Platte County,19.7
WY,Sheridan County,30.125
WY,Sublette County,24.355
WY,Sweetwater County,21.371
WY,Teton County,53.788
WY,Uinta County,18.207
WY,Washakie County,21.076
WY,Weston County,18.807
PR,Puerto Rico,24.567
PR,Adjuntas Municipio,18.602
PR,Aguada Municipio,20.222
PR,Aguadilla Municipio,23.909
PR,Aguas Buenas Municipio,15.004
PR,Aibonito Municipio,20.756
PR,A?asco Municipio,16.269
PR,Arecibo Municipio,21.338
PR,Arroyo Municipio,16.797
PR,Barceloneta Municipio,16.842
PR,Barranquitas Municipio,17.186
PR,Bayamn Municipio,28.052
PR,Cabo Rojo Municipio,24.99
PR,Caguas Municipio,29.805
PR,Camuy Municipio,21.211
PR,Canvanas Municipio,20.432
PR,Carolina Municipio,30.146
PR,Cata?o Municipio,21.393
PR,Cayey Municipio,24.125
PR,Ceiba Municipio,17.318
PR,Ciales Municipio,14.103
PR,Cidra Municipio,23.086
PR,Coamo Municipio,21.056
PR,Comero Municipio,12.286
PR,Corozal Municipio,16.132
PR,Culebra Municipio,12.452
PR,Dorado Municipio,30.336
PR,Fajardo Municipio,22.071
PR,Florida Municipio,11.148
PR,Gunica Municipio,14.875
PR,Guayama Municipio,19.494
PR,Guayanilla Municipio,20.275
PR,Guaynabo Municipio,45.145
PR,Gurabo Municipio,34.416
PR,Hatillo Municipio,24.43
PR,Hormigueros Municipio,23.102
PR,Humacao Municipio,23.332
PR,Isabela Municipio,20.007
PR,Jayuya Municipio,16.178
PR,Juana Daz Municipio,22.05
PR,Juncos Municipio,21.126
PR,Lajas Municipio,15.57
PR,Lares Municipio,16.668
PR,Las Maras Municipio,13.502
PR,Las Piedras Municipio,17.897
PR,Loza Municipio,12.95
PR,Luquillo Municipio,19.16
PR,Manat Municipio,22.149
PR,Maricao Municipio,9.827
PR,Maunabo Municipio,15.984
PR,Mayagez Municipio,22.421
PR,Moca Municipio,18.557
PR,Morovis Municipio,17.241
PR,Naguabo Municipio,19.542
PR,Naranjito Municipio,16.254
PR,Orocovis Municipio,15.313
PR,Patillas Municipio,15.642
PR,Pe?uelas Municipio,18.954
PR,Ponce Municipio,25.922
PR,Quebradillas Municipio,16.235
PR,Rincn Municipio,19.715
PR,Ro Grande Municipio,19.974
PR,Sabana Grande Municipio,19.537
PR,Salinas Municipio,17.503
PR,San Germn Municipio,22.804
PR,San Juan Municipio,34.729
PR,San Lorenzo Municipio,19.42
PR,San Sebastin Municipio,17.398
PR,Santa Isabel Municipio,22.843
PR,Toa Alta Municipio,31.863
PR,Toa Baja Municipio,22.984
PR,Trujillo Alto Municipio,35.127
PR,Utuado Municipio,17.815
PR,Vega Alta Municipio,19.428
PR,Vega Baja Municipio,20.72
PR,Vieques Municipio,18.955
PR,Villalba Municipio,18.562
PR,Yabucoa Municipio,16.762
PR,Yauco Municipio,21.693
